Tournament,Matchday,Date,Venue,Club,Opponent,Result,Position,Minute,When Scored,Goal Type,Assist,Pareja
LaLiga ,34,5/1/05,Home,FC Barcelona,Albacete Balompié,2:0,CF,90'+1,2:0,Left-footed shot,Ronaldinho Gaúcho,Antonela Rocuzzo
Champions League ,Group Stage,11/2/05,Home,FC Barcelona,Panathinaikos Athens,5:0,RW,34',3:0,Left-footed shot,Not Applicable,Antonela Rocuzzo
LaLiga ,13,11/27/05,Home,FC Barcelona,Racing Santander,4:1,RW,51',2:0,Left-footed shot,Samuel Eto'o,Antonela Rocuzzo
LaLiga ,19,1/15/06,Home,FC Barcelona,Athletic Bilbao,2:1,RW,50',2:1,Left-footed shot,Mark van Bommel,Antonela Rocuzzo
LaLiga ,20,1/22/06,Home,FC Barcelona,Deportivo Alavés,2:0,CF,82',2:0,Left-footed shot,Ronaldinho Gaúcho,Antonela Rocuzzo
LaLiga ,21,1/29/06,Away,FC Barcelona,RCD Mallorca,0:3,CF,75',0:2,Right-footed shot,Sylvinho,Antonela Rocuzzo
LaLiga ,21,1/29/06,Away,FC Barcelona,RCD Mallorca,0:3,CF,83',0:3,Left-footed shot,Ronaldinho Gaúcho,Antonela Rocuzzo
Copa del Rey ,Quarter-Finals,2/1/06,Home,FC Barcelona,Real Zaragoza,2:1,CF,42',1:0,Header,Ludovic Giuly,Antonela Rocuzzo
LaLiga ,24,2/18/06,Home,FC Barcelona,Real Betis Balompié,5:1,RW,84',5:1,Left-footed shot,Not Applicable,Antonela Rocuzzo
LaLiga ,1,8/28/06,Away,FC Barcelona,Celta de Vigo,2:3,LW,59',1:2,Left-footed shot,Andrés Iniesta,Antonela Rocuzzo
LaLiga ,2,9/9/06,Home,FC Barcelona,CA Osasuna,3:0,RW,36',3:0,Left-footed shot,Samuel Eto'o,Antonela Rocuzzo
Champions League ,Group Stage,9/27/06,Away,FC Barcelona,SV Werder Bremen,1:1,RW,89',1:1,Left-footed shot,Deco,Antonela Rocuzzo
LaLiga ,6,10/15/06,Home,FC Barcelona,Sevilla FC,3:1,RW,80',3:1,Right-footed shot,Xavi,Antonela Rocuzzo
LaLiga ,26,3/10/07,Home,FC Barcelona,Real Madrid,3:3,RW,11',1:1,Left-footed shot,Samuel Eto'o,Antonela Rocuzzo
LaLiga ,26,3/10/07,Home,FC Barcelona,Real Madrid,3:3,RW,28',2:2,Left-footed shot,Not Applicable,Antonela Rocuzzo
LaLiga ,26,3/10/07,Home,FC Barcelona,Real Madrid,3:3,RW,90'+1,3:3,Left-footed shot,Ronaldinho Gaúcho,Antonela Rocuzzo
LaLiga ,27,3/17/07,Away,FC Barcelona,Recreativo Huelva,0:4,RW,86',0:4,Left-footed shot,Not Applicable,Antonela Rocuzzo
LaLiga ,28,3/31/07,Home,FC Barcelona,Deportivo de La Coruña,2:1,RW,45',1:0,Left-footed shot,Ronaldinho Gaúcho,Antonela Rocuzzo
Copa del Rey ,Semi-Finals,4/18/07,Home,FC Barcelona,Getafe CF,5:2,RW,29',2:0,Solo run,Xavi,Antonela Rocuzzo
Copa del Rey ,Semi-Finals,4/18/07,Home,FC Barcelona,Getafe CF,5:2,RW,45',3:0,Left-footed shot,Deco,Antonela Rocuzzo
LaLiga ,35,5/20/07,Away,FC Barcelona,Atlético de Madrid,0:6,RW,39',0:1,Left-footed shot,Samuel Eto'o,Antonela Rocuzzo
LaLiga ,35,5/20/07,Away,FC Barcelona,Atlético de Madrid,0:6,RW,80',0:5,Left-footed shot,Giovanni van Bronckhorst,Antonela Rocuzzo
LaLiga ,37,6/9/07,Home,FC Barcelona,RCD Espanyol Barcelona,2:2,RW,43',1:1,Not Applicable,Gianluca Zambrotta,Antonela Rocuzzo
LaLiga ,37,6/9/07,Home,FC Barcelona,RCD Espanyol Barcelona,2:2,RW,57',2:1,Right-footed shot,Deco,Antonela Rocuzzo
LaLiga ,38,6/17/07,Away,FC Barcelona,Gimnàstic de Tarragona,1:5,RW,34',0:2,Left-footed shot,Deco,Antonela Rocuzzo
LaLiga ,38,6/17/07,Away,FC Barcelona,Gimnàstic de Tarragona,1:5,RW,51',0:4,Left-footed shot,Deco,Antonela Rocuzzo
Champions League ,Group Stage,9/19/07,Home,FC Barcelona,Olympique Lyon,3:0,RW,82',2:0,Left-footed shot,Andrés Iniesta,Antonela Rocuzzo
LaLiga ,4,9/22/07,Home,FC Barcelona,Sevilla FC,2:1,RW,72',1:0,Left-footed shot,Thierry Henry,Antonela Rocuzzo
LaLiga ,4,9/22/07,Home,FC Barcelona,Sevilla FC,2:1,RW,79',2:0,Penalty,Not Applicable,Antonela Rocuzzo
LaLiga ,5,9/26/07,Home,FC Barcelona,Real Zaragoza,4:1,RW,5',1:0,Left-footed shot,Thierry Henry,Antonela Rocuzzo
LaLiga ,5,9/26/07,Home,FC Barcelona,Real Zaragoza,4:1,RW,10',2:1,Left-footed shot,Deco,Antonela Rocuzzo
LaLiga ,6,9/29/07,Away,FC Barcelona,Levante UD,1:4,RW,50',0:4,Left-footed shot,Deco,Antonela Rocuzzo
Champions League ,Group Stage,10/2/07,Away,FC Barcelona,VfB Stuttgart,0:2,RW,66',0:2,Deflected shot on goal,Thierry Henry,Antonela Rocuzzo
LaLiga ,7,10/7/07,Home,FC Barcelona,Atlético de Madrid,3:0,RW,19',2:0,Left-footed shot,Ronaldinho Gaúcho,Antonela Rocuzzo
LaLiga ,9,10/28/07,Home,FC Barcelona,UD Almería,2:0,RW,80',2:0,Penalty,Not Applicable,Antonela Rocuzzo
Champions League ,Group Stage,11/7/07,Home,FC Barcelona,Rangers FC,2:0,RW,41',2:0,Tap-in,Ronaldinho Gaúcho,Antonela Rocuzzo
LaLiga ,13,11/24/07,Home,FC Barcelona,Recreativo Huelva,3:0,RW,81',3:0,Penalty,Not Applicable,Antonela Rocuzzo
Champions League ,Group Stage,11/27/07,Away,FC Barcelona,Olympique Lyon,2:2,RW,58',1:2,Penalty,Not Applicable,Antonela Rocuzzo
Champions League ,last 16,2/20/08,Away,FC Barcelona,Celtic FC,2:3,RW,18',1:1,Left-footed shot,Deco,Antonela Rocuzzo
Champions League ,last 16,2/20/08,Away,FC Barcelona,Celtic FC,2:3,RW,79',2:3,Left-footed shot,Not Applicable,Antonela Rocuzzo
LaLiga ,25,2/24/08,Home,FC Barcelona,Levante UD,5:1,RW,44',2:1,Left-footed shot,Xavi,Antonela Rocuzzo
LaLiga ,35,5/4/08,Home,FC Barcelona,Valencia CF,6:0,RW,5',1:0,Penalty,Not Applicable,Antonela Rocuzzo
LaLiga ,2,9/13/08,Home,FC Barcelona,Racing Santander,1:1,RW,70',1:0,Penalty,Not Applicable,Antonela Rocuzzo
LaLiga ,3,9/21/08,Away,FC Barcelona,Sporting Gijón,1:6,RW,85',1:5,Left-footed shot,Andrés Iniesta,Antonela Rocuzzo
LaLiga ,3,9/21/08,Away,FC Barcelona,Sporting Gijón,1:6,RW,89',1:6,Header,Xavi,Antonela Rocuzzo
LaLiga ,5,9/27/08,Away,FC Barcelona,RCD Espanyol Barcelona,1:2,RW,90',1:2,Penalty,Not Applicable,Antonela Rocuzzo
Champions League ,Group Stage,10/1/08,Away,FC Barcelona,Shakhtar Donetsk,1:2,RW,87',1:1,Right-footed shot,Bojan Krkic,Antonela Rocuzzo
Champions League ,Group Stage,10/1/08,Away,FC Barcelona,Shakhtar Donetsk,1:2,RW,90'+2,1:2,Left-footed shot,Xavi,Antonela Rocuzzo
LaLiga ,6,10/4/08,Home,FC Barcelona,Atlético de Madrid,6:1,RW,8',3:0,Direct free kick,Not Applicable,Antonela Rocuzzo
Champions League ,Group Stage,10/22/08,Away,FC Barcelona,FC Basel 1893,0:5,CF,4',0:1,Left-footed shot,Dani Alves,Antonela Rocuzzo
LaLiga ,9,11/1/08,Away,FC Barcelona,Málaga CF,1:4,RW,19',1:2,Left-footed shot,Not Applicable,Antonela Rocuzzo
Champions League ,Group Stage,11/4/08,Home,FC Barcelona,FC Basel 1893,1:1,RW,61',1:0,Left-footed shot,Thierry Henry,Antonela Rocuzzo
Copa del Rey ,4th round,11/12/08,Home,FC Barcelona,Benidorm CD,1:0,RW,86',1:0,Penalty rebound,Not Applicable,Antonela Rocuzzo
LaLiga ,11,11/16/08,Away,FC Barcelona,Recreativo Huelva,0:2,RW,51',0:1,Left-footed shot,Xavi,Antonela Rocuzzo
Champions League ,Group Stage,11/26/08,Away,FC Barcelona,Sporting CP,2:5,RW,49',0:3,Left-footed shot,Dani Alves,Antonela Rocuzzo
LaLiga ,13,11/29/08,Away,FC Barcelona,Sevilla FC,0:3,RW,78',0:2,Left-footed shot,Xavi,Antonela Rocuzzo
LaLiga ,13,11/29/08,Away,FC Barcelona,Sevilla FC,0:3,RW,90'+2,0:3,Left-footed shot,Aleksandr Hleb,Antonela Rocuzzo
LaLiga ,15,12/13/08,Home,FC Barcelona,Real Madrid,2:0,RW,89',2:0,Counter attack goal,Thierry Henry,Antonela Rocuzzo
Copa del Rey ,last 16,1/6/09,Away,FC Barcelona,Atlético de Madrid,1:3,RW,11',0:1,Left-footed shot,Dani Alves,Antonela Rocuzzo
Copa del Rey ,last 16,1/6/09,Away,FC Barcelona,Atlético de Madrid,1:3,RW,57',0:2,Penalty,Not Applicable,Antonela Rocuzzo
Copa del Rey ,last 16,1/6/09,Away,FC Barcelona,Atlético de Madrid,1:3,RW,79',1:3,Right-footed shot,Andrés Iniesta,Antonela Rocuzzo
LaLiga ,18,1/11/09,Away,FC Barcelona,CA Osasuna,2:3,RW,84',2:3,Left-footed shot,Dani Alves,Antonela Rocuzzo
LaLiga ,19,1/17/09,Home,FC Barcelona,Deportivo de La Coruña,5:0,RW,21',1:0,Left-footed shot,Not Applicable,Antonela Rocuzzo
LaLiga ,20,1/24/09,Home,FC Barcelona,CD Numancia,4:1,RW,49',1:0,Left-footed shot,Dani Alves,Antonela Rocuzzo
LaLiga ,20,1/24/09,Home,FC Barcelona,CD Numancia,4:1,RW,76',4:1,Right-footed shot,Not Applicable,Antonela Rocuzzo
LaLiga ,21,2/1/09,Away,FC Barcelona,Racing Santander,1:2,RW,65',1:1,Right-footed shot,Xavi,Antonela Rocuzzo
LaLiga ,21,2/1/09,Away,FC Barcelona,Racing Santander,1:2,RW,81',1:2,Right-footed shot,Not Applicable,Antonela Rocuzzo
LaLiga ,25,3/1/09,Away,FC Barcelona,Atlético de Madrid,4:3,RW,30',0:2,Left-footed shot,Not Applicable,Antonela Rocuzzo
Copa del Rey ,Semi-Finals,3/4/09,Away,FC Barcelona,RCD Mallorca,1:1,RW,81',1:1,Left-footed shot,Gerard Piqué,Antonela Rocuzzo
LaLiga ,26,3/7/09,Home,FC Barcelona,Athletic Bilbao,2:0,RW,31',2:0,Penalty,Not Applicable,Antonela Rocuzzo
Champions League ,last 16,3/11/09,Home,FC Barcelona,Olympique Lyon,5:2,RW,40',3:0,Left-footed shot,Samuel Eto'o,Antonela Rocuzzo
LaLiga ,28,3/22/09,Home,FC Barcelona,Málaga CF,6:0,RW,26',2:0,Right-footed shot,Xavi,Antonela Rocuzzo
Champions League ,Quarter-Finals,4/8/09,Home,FC Barcelona,Bayern Munich,4:0,RW,9',1:0,Left-footed shot,Samuel Eto'o,Antonela Rocuzzo
Champions League ,Quarter-Finals,4/8/09,Home,FC Barcelona,Bayern Munich,4:0,RW,38',3:0,Right-footed shot,Thierry Henry,Antonela Rocuzzo
LaLiga ,31,4/18/09,Away,FC Barcelona,Getafe CF,0:1,RW,18',0:1,Left-footed shot,Xavi,Antonela Rocuzzo
LaLiga ,33,4/25/09,Away,FC Barcelona,Valencia CF,2:2,RW,23',0:1,Left-footed shot,Andrés Iniesta,Antonela Rocuzzo
LaLiga ,34,5/2/09,Away,FC Barcelona,Real Madrid,2:6,CF,35',1:3,Left-footed shot,Xavi,Antonela Rocuzzo
LaLiga ,34,5/2/09,Away,FC Barcelona,Real Madrid,2:6,CF,75',2:5,Left-footed shot,Xavi,Antonela Rocuzzo
Copa del Rey ,Final,5/13/09,Home,FC Barcelona,Athletic Bilbao,4:1,RW,55',2:1,Left-footed shot,Samuel Eto'o,Antonela Rocuzzo
Champions League ,Final,5/27/09,Home,FC Barcelona,Manchester United,2:0,CF,70',2:0,Header,Xavi,Antonela Rocuzzo
Supercopa ,final,8/23/09,Home,FC Barcelona,Athletic Bilbao,3:0,RW,50',1:0,Right-footed shot,Zlatan Ibrahimović,Antonela Rocuzzo
Supercopa ,final,8/23/09,Home,FC Barcelona,Athletic Bilbao,3:0,RW,68',2:0,Penalty,Not Applicable,Antonela Rocuzzo
LaLiga ,2,9/12/09,Away,FC Barcelona,Getafe CF,0:2,RW,78',0:2,Header,Zlatan Ibrahimović,Antonela Rocuzzo
LaLiga ,3,9/19/09,Home,FC Barcelona,Atlético de Madrid,5:2,RW,15',2:0,Left-footed shot,Xavi,Antonela Rocuzzo
LaLiga ,3,9/19/09,Home,FC Barcelona,Atlético de Madrid,5:2,RW,90'+3,5:2,Right-footed shot,Dani Alves,Antonela Rocuzzo
LaLiga ,4,9/22/09,Away,FC Barcelona,Racing Santander,1:4,RW,23',0:2,Left-footed shot,Xavi,Antonela Rocuzzo
LaLiga ,4,9/22/09,Away,FC Barcelona,Racing Santander,1:4,RW,63',0:4,Left-footed shot,Xavi,Antonela Rocuzzo
Champions League ,Group Stage,9/29/09,Home,FC Barcelona,Dynamo Kyiv,2:0,RW,25',1:0,Left-footed shot,Andrés Iniesta,Antonela Rocuzzo
LaLiga ,8,10/25/09,Home,FC Barcelona,Real Zaragoza,6:1,RW,80',5:1,Left-footed shot,Andrés Iniesta,Antonela Rocuzzo
LaLiga ,10,11/7/09,Home,FC Barcelona,RCD Mallorca,4:2,RW,86',4:1,Penalty,Not Applicable,Antonela Rocuzzo
Copa del Rey ,4th round,11/10/09,Home,FC Barcelona,Cultural Leonesa,5:0,RW,64',4:0,Left-footed shot,Pedro,Antonela Rocuzzo
LaLiga ,13,12/5/09,Away,FC Barcelona,Deportivo de La Coruña,1:3,RW,26',0:1,Left-footed shot,Dani Alves,Antonela Rocuzzo
LaLiga ,13,12/5/09,Away,FC Barcelona,Deportivo de La Coruña,1:3,RW,80',1:2,Header,Pedro,Antonela Rocuzzo
Champions League ,Group Stage,12/9/09,Away,FC Barcelona,Dynamo Kyiv,1:2,RW,86',1:2,Direct free kick,Not Applicable,Antonela Rocuzzo
Club World Cup ,Semi-Finals,12/16/09,Away,FC Barcelona,CF Atlante,1:3,RW,55',1:2,Left-footed shot,Zlatan Ibrahimović,Antonela Rocuzzo
Club World Cup ,Final,12/19/09,Away,FC Barcelona,Club Estudiantes de La Plata,1:2,RW,110',1:2,Chest,Dani Alves,Antonela Rocuzzo
LaLiga ,17,1/10/10,Away,FC Barcelona,CD Tenerife,0:5,RW,36',0:1,Left-footed shot,Bojan Krkic,Antonela Rocuzzo
LaLiga ,17,1/10/10,Away,FC Barcelona,CD Tenerife,0:5,RW,45',0:3,Right-footed shot,Bojan Krkic,Antonela Rocuzzo
LaLiga ,17,1/10/10,Away,FC Barcelona,CD Tenerife,0:5,RW,75',0:4,Left-footed shot,Bojan Krkic,Antonela Rocuzzo
LaLiga ,18,1/16/10,Home,FC Barcelona,Sevilla FC,4:0,RW,85',3:0,Left-footed shot,Dani Alves,Antonela Rocuzzo
LaLiga ,18,1/16/10,Home,FC Barcelona,Sevilla FC,4:0,RW,90'+1,4:0,Left-footed shot,Éric Abidal,Antonela Rocuzzo
LaLiga ,19,1/23/10,Away,FC Barcelona,Real Valladolid CF,0:3,RW,54',0:3,Left-footed shot,Zlatan Ibrahimović,Antonela Rocuzzo
LaLiga ,21,2/6/10,Home,FC Barcelona,Getafe CF,2:1,RW,7',1:0,Left-footed shot,Yaya Touré,Antonela Rocuzzo
LaLiga ,24,2/27/10,Home,FC Barcelona,Málaga CF,2:1,RW,84',2:1,Right-footed shot,Dani Alves,Antonela Rocuzzo
LaLiga ,25,3/6/10,Away,FC Barcelona,UD Almería,2:2,RW,42',1:1,Direct free kick,Not Applicable,Antonela Rocuzzo
LaLiga ,25,3/6/10,Away,FC Barcelona,UD Almería,2:2,RW,66',2:2,Left-footed shot,Not Applicable,Antonela Rocuzzo
LaLiga ,26,3/14/10,Home,FC Barcelona,Valencia CF,3:0,CF,56',1:0,Left-footed shot,Xavi,Antonela Rocuzzo
LaLiga ,26,3/14/10,Home,FC Barcelona,Valencia CF,3:0,CF,80',2:0,Left-footed shot,Thierry Henry,Antonela Rocuzzo
LaLiga ,26,3/14/10,Home,FC Barcelona,Valencia CF,3:0,CF,82',3:0,Right-footed shot,Thierry Henry,Antonela Rocuzzo
Champions League ,last 16,3/17/10,Home,FC Barcelona,VfB Stuttgart,4:0,CF,13',1:0,Left-footed shot,Yaya Touré,Antonela Rocuzzo
Champions League ,last 16,3/17/10,Home,FC Barcelona,VfB Stuttgart,4:0,CF,56',3:0,Left-footed shot,Dani Alves,Antonela Rocuzzo
LaLiga ,27,3/21/10,Away,FC Barcelona,Real Zaragoza,2:4,RW,4',0:1,Header,Pedro,Antonela Rocuzzo
LaLiga ,27,3/21/10,Away,FC Barcelona,Real Zaragoza,2:4,RW,65',0:2,Left-footed shot,Not Applicable,Antonela Rocuzzo
LaLiga ,27,3/21/10,Away,FC Barcelona,Real Zaragoza,2:4,RW,78',0:3,Left-footed shot,Andrés Iniesta,Antonela Rocuzzo
LaLiga ,30,4/3/10,Home,FC Barcelona,Athletic Bilbao,4:1,CF,67',4:0,Left-footed shot,Pedro,Antonela Rocuzzo
Champions League ,Quarter-Finals,4/6/10,Home,FC Barcelona,Arsenal FC,4:1,CF,21',1:1,Left-footed shot,Not Applicable,Antonela Rocuzzo
Champions League ,Quarter-Finals,4/6/10,Home,FC Barcelona,Arsenal FC,4:1,CF,37',2:1,Right-footed shot,Pedro,Antonela Rocuzzo
Champions League ,Quarter-Finals,4/6/10,Home,FC Barcelona,Arsenal FC,4:1,CF,42',3:1,Left-footed shot,Seydou Keita,Antonela Rocuzzo
Champions League ,Quarter-Finals,4/6/10,Home,FC Barcelona,Arsenal FC,4:1,CF,88',4:1,Left-footed shot,Xavi,Antonela Rocuzzo
LaLiga ,31,4/10/10,Away,FC Barcelona,Real Madrid,0:2,CF,32',0:1,Right-footed shot,Xavi,Antonela Rocuzzo
LaLiga ,35,5/1/10,Away,FC Barcelona,Villarreal CF,1:4,RW,18',0:1,Left-footed shot,Xavi,Antonela Rocuzzo
LaLiga ,35,5/1/10,Away,FC Barcelona,Villarreal CF,1:4,RW,87',1:4,Left-footed shot,Dani Alves,Antonela Rocuzzo
LaLiga ,36,5/4/10,Home,FC Barcelona,CD Tenerife,4:1,RW,16',1:0,Right-footed shot,Zlatan Ibrahimović,Antonela Rocuzzo
LaLiga ,36,5/4/10,Home,FC Barcelona,CD Tenerife,4:1,RW,90'+3,4:1,Right-footed shot,Dani Alves,Antonela Rocuzzo
LaLiga ,37,5/8/10,Away,FC Barcelona,Sevilla FC,2:3,RW,5',0:1,Left-footed shot,Maxwell,Antonela Rocuzzo
LaLiga ,38,5/16/10,Home,FC Barcelona,Real Valladolid CF,4:0,RW,61',3:0,Right-footed shot,Yaya Touré,Antonela Rocuzzo
LaLiga ,38,5/16/10,Home,FC Barcelona,Real Valladolid CF,4:0,RW,74',4:0,Left-footed shot,Yaya Touré,Antonela Rocuzzo
Supercopa ,final,8/21/10,Home,FC Barcelona,Sevilla FC,4:0,RW,25',2:0,Left-footed shot,Xavi,Antonela Rocuzzo
Supercopa ,final,8/21/10,Home,FC Barcelona,Sevilla FC,4:0,RW,43',3:0,Right-footed shot,Dani Alves,Antonela Rocuzzo
Supercopa ,final,8/21/10,Home,FC Barcelona,Sevilla FC,4:0,RW,90'+1,4:0,Left-footed shot,Andrés Iniesta,Antonela Rocuzzo
LaLiga ,1,8/29/10,Away,FC Barcelona,Racing Santander,0:3,RW,3',0:1,Left-footed shot,Andrés Iniesta,Antonela Rocuzzo
Champions League ,Group Stage,9/14/10,Home,FC Barcelona,Panathinaikos Athens,5:1,CF,22',1:1,Left-footed shot,Xavi,Antonela Rocuzzo
Champions League ,Group Stage,9/14/10,Home,FC Barcelona,Panathinaikos Athens,5:1,CF,45',3:1,Left-footed shot,Pedro,Antonela Rocuzzo
LaLiga ,3,9/19/10,Away,FC Barcelona,Atlético de Madrid,1:2,CF,12',0:1,Left-footed shot,Pedro,Antonela Rocuzzo
LaLiga ,6,10/3/10,Home,FC Barcelona,RCD Mallorca,1:1,CF,20',1:0,Left-footed shot,Pedro,Antonela Rocuzzo
Champions League ,Group Stage,10/20/10,Home,FC Barcelona,FC Copenhagen,2:0,CF,18',1:0,Left-footed shot,Andrés Iniesta,Antonela Rocuzzo
Champions League ,Group Stage,10/20/10,Home,FC Barcelona,FC Copenhagen,2:0,CF,90'+1,2:0,Left-footed shot,Éric Abidal,Antonela Rocuzzo
LaLiga ,8,10/23/10,Away,FC Barcelona,Real Zaragoza,0:2,CF,41',0:1,Left-footed shot,David Villa,Antonela Rocuzzo
LaLiga ,8,10/23/10,Away,FC Barcelona,Real Zaragoza,0:2,CF,65',0:2,Left-footed shot,Not Applicable,Antonela Rocuzzo
LaLiga ,9,10/30/10,Home,FC Barcelona,Sevilla FC,5:0,RW,4',1:0,Left-footed shot,Not Applicable,Antonela Rocuzzo
LaLiga ,9,10/30/10,Home,FC Barcelona,Sevilla FC,5:0,RW,63',4:0,Left-footed shot,Not Applicable,Antonela Rocuzzo
Champions League ,Group Stage,11/2/10,Away,FC Barcelona,FC Copenhagen,1:1,RW,31',0:1,Right-footed shot,Not Applicable,Antonela Rocuzzo
LaLiga ,10,11/7/10,Away,FC Barcelona,Getafe CF,1:3,CF,23',0:1,Left-footed shot,David Villa,Antonela Rocuzzo
Copa del Rey ,4th round,11/10/10,Home,FC Barcelona,Club Atlético de Ceuta,5:1,RW,67',5:1,Left-footed shot,Thiago,Antonela Rocuzzo
LaLiga ,11,11/13/10,Home,FC Barcelona,Villarreal CF,3:1,CF,58',2:1,Right-footed shot,Pedro,Antonela Rocuzzo
LaLiga ,11,11/13/10,Home,FC Barcelona,Villarreal CF,3:1,CF,83',3:1,Left-footed shot,Pedro,Antonela Rocuzzo
LaLiga ,12,11/20/10,Away,FC Barcelona,UD Almería,0:8,CF,16',0:1,Left-footed shot,David Villa,Antonela Rocuzzo
LaLiga ,12,11/20/10,Away,FC Barcelona,UD Almería,0:8,CF,36',0:5,Tap-in,Not Applicable,Antonela Rocuzzo
LaLiga ,12,11/20/10,Away,FC Barcelona,UD Almería,0:8,CF,67',0:7,Tap-in,David Villa,Antonela Rocuzzo
Champions League ,Group Stage,11/24/10,Away,FC Barcelona,Panathinaikos Athens,0:3,CF,63',0:2,Left-footed shot,Adriano,Antonela Rocuzzo
LaLiga ,14,12/4/10,Away,FC Barcelona,CA Osasuna,0:3,CF,64',0:2,Left-footed shot,David Villa,Antonela Rocuzzo
LaLiga ,14,12/4/10,Away,FC Barcelona,CA Osasuna,0:3,CF,82',0:3,Penalty,Not Applicable,Antonela Rocuzzo
LaLiga ,15,12/12/10,Home,FC Barcelona,Real Sociedad,5:0,CF,46',3:0,Left-footed shot,Dani Alves,Antonela Rocuzzo
LaLiga ,15,12/12/10,Home,FC Barcelona,Real Sociedad,5:0,CF,86',4:0,Left-footed shot,Bojan Krkic,Antonela Rocuzzo
LaLiga ,18,1/8/11,Away,FC Barcelona,Deportivo de La Coruña,0:4,CF,51',0:2,Direct free kick,Not Applicable,Antonela Rocuzzo
Copa del Rey ,Quarter-Finals,1/12/11,Home,FC Barcelona,Real Betis Balompié,5:0,CF,44',1:0,Left-footed shot,Andrés Iniesta,Antonela Rocuzzo
Copa del Rey ,Quarter-Finals,1/12/11,Home,FC Barcelona,Real Betis Balompié,5:0,CF,63',2:0,Left-footed shot,Not Applicable,Antonela Rocuzzo
Copa del Rey ,Quarter-Finals,1/12/11,Home,FC Barcelona,Real Betis Balompié,5:0,CF,73',3:0,Left-footed shot,Xavi,Antonela Rocuzzo
Copa del Rey ,Quarter-Finals,1/19/11,Away,FC Barcelona,Real Betis Balompié,3:1,RW,37',2:1,Left-footed shot,Xavi,Antonela Rocuzzo
LaLiga ,20,1/22/11,Home,FC Barcelona,Racing Santander,3:0,CF,33',2:0,Penalty,Not Applicable,Antonela Rocuzzo
Copa del Rey ,Semi-Finals,1/26/11,Home,FC Barcelona,UD Almería,5:0,CF,9',1:0,Left-footed shot,Pedro,Antonela Rocuzzo
Copa del Rey ,Semi-Finals,1/26/11,Home,FC Barcelona,UD Almería,5:0,CF,15',3:0,Left-footed shot,Andrés Iniesta,Antonela Rocuzzo
LaLiga ,21,1/29/11,Away,FC Barcelona,Hércules CF,0:3,CF,87',0:2,Left-footed shot,Dani Alves,Antonela Rocuzzo
LaLiga ,21,1/29/11,Away,FC Barcelona,Hércules CF,0:3,CF,89',0:3,Left-footed shot,Dani Alves,Antonela Rocuzzo
LaLiga ,22,2/5/11,Home,FC Barcelona,Atlético de Madrid,3:0,CF,16',1:0,Left-footed shot,Dani Alves,Antonela Rocuzzo
LaLiga ,22,2/5/11,Home,FC Barcelona,Atlético de Madrid,3:0,CF,28',2:0,Left-footed shot,Pedro,Antonela Rocuzzo
LaLiga ,22,2/5/11,Home,FC Barcelona,Atlético de Madrid,3:0,CF,78',3:0,Left-footed shot,David Villa,Antonela Rocuzzo
LaLiga ,24,2/20/11,Home,FC Barcelona,Athletic Bilbao,2:1,CF,78',2:1,Right-footed shot,Dani Alves,Antonela Rocuzzo
LaLiga ,25,2/26/11,Away,FC Barcelona,RCD Mallorca,0:3,CF,38',0:1,Header,Seydou Keita,Antonela Rocuzzo
LaLiga ,26,3/2/11,Away,FC Barcelona,Valencia CF,0:1,CF,77',0:1,Left-footed shot,Adriano,Antonela Rocuzzo
Champions League ,last 16,3/8/11,Home,FC Barcelona,Arsenal FC,3:1,CF,49',1:0,Left-footed shot,Andrés Iniesta,Antonela Rocuzzo
Champions League ,last 16,3/8/11,Home,FC Barcelona,Arsenal FC,3:1,CF,72',3:1,Penalty,Not Applicable,Antonela Rocuzzo
LaLiga ,31,4/9/11,Home,FC Barcelona,UD Almería,3:1,CF,52',1:1,Penalty,Not Applicable,Antonela Rocuzzo
LaLiga ,31,4/9/11,Home,FC Barcelona,UD Almería,3:1,CF,90'+1,3:1,Left-footed shot,Seydou Keita,Antonela Rocuzzo
Champions League ,Quarter-Finals,4/12/11,Away,FC Barcelona,Shakhtar Donetsk,0:1,CF,42',0:1,Left-footed shot,Dani Alves,Antonela Rocuzzo
LaLiga ,32,4/16/11,Away,FC Barcelona,Real Madrid,1:1,CF,53',0:1,Penalty,Not Applicable,Antonela Rocuzzo
LaLiga ,33,4/23/11,Home,FC Barcelona,CA Osasuna,2:0,CF,87',2:0,Right-footed shot,Dani Alves,Antonela Rocuzzo
Champions League ,Semi-Finals,4/27/11,Away,FC Barcelona,Real Madrid,0:2,CF,76',0:1,Left-footed shot,Ibrahim Afellay,Antonela Rocuzzo
Champions League ,Semi-Finals,4/27/11,Away,FC Barcelona,Real Madrid,0:2,CF,87',0:2,Solo run,Sergio Busquets,Antonela Rocuzzo
Champions League ,Final,5/28/11,Home,FC Barcelona,Manchester United,3:1,CF,54',2:1,Left-footed shot,Andrés Iniesta,Antonela Rocuzzo
Supercopa ,final,8/14/11,Away,FC Barcelona,Real Madrid,2:2,CF,45',1:2,Left-footed shot,Thiago,Antonela Rocuzzo
Supercopa ,final,8/17/11,Home,FC Barcelona,Real Madrid,3:2,CF,44',2:1,Right-footed shot,Gerard Piqué,Antonela Rocuzzo
Supercopa ,final,8/17/11,Home,FC Barcelona,Real Madrid,3:2,CF,88',3:2,Left-footed shot,Adriano,Antonela Rocuzzo
UEFA Super Cup ,Final,8/26/11,Home,FC Barcelona,FC Porto,2:0,CF,39',1:0,Left-footed shot,Not Applicable,Antonela Rocuzzo
LaLiga ,2,8/29/11,Home,FC Barcelona,Villarreal CF,5:0,CF,51',4:0,Right-footed shot,Andrés Iniesta,Antonela Rocuzzo
LaLiga ,2,8/29/11,Home,FC Barcelona,Villarreal CF,5:0,CF,74',5:0,Left-footed shot,Thiago,Antonela Rocuzzo
LaLiga ,4,9/17/11,Home,FC Barcelona,CA Osasuna,8:0,CF,5',1:0,Left-footed shot,Dani Alves,Antonela Rocuzzo
LaLiga ,4,9/17/11,Home,FC Barcelona,CA Osasuna,8:0,CF,41',5:0,Left-footed shot,Cesc Fàbregas,Antonela Rocuzzo
LaLiga ,4,9/17/11,Home,FC Barcelona,CA Osasuna,8:0,CF,79',8:0,Left-footed shot,Cesc Fàbregas,Antonela Rocuzzo
LaLiga ,6,9/24/11,Home,FC Barcelona,Atlético de Madrid,5:0,CF,26',3:0,Left-footed shot,Pedro,Antonela Rocuzzo
LaLiga ,6,9/24/11,Home,FC Barcelona,Atlético de Madrid,5:0,CF,78',4:0,Left-footed shot,Dani Alves,Antonela Rocuzzo
LaLiga ,6,9/24/11,Home,FC Barcelona,Atlético de Madrid,5:0,CF,90'+1,5:0,Left-footed shot,David Villa,Antonela Rocuzzo
Champions League ,Group Stage,9/28/11,Away,FC Barcelona,BATE Borisov,0:5,CF,38',0:3,Header,Not Applicable,Antonela Rocuzzo
Champions League ,Group Stage,9/28/11,Away,FC Barcelona,BATE Borisov,0:5,CF,56',0:4,Left-footed shot,Dani Alves,Antonela Rocuzzo
LaLiga ,8,10/15/11,Home,FC Barcelona,Racing Santander,3:0,CF,11',1:0,Right-footed shot,Andrés Iniesta,Antonela Rocuzzo
LaLiga ,8,10/15/11,Home,FC Barcelona,Racing Santander,3:0,CF,69',3:0,Right-footed shot,Not Applicable,Antonela Rocuzzo
LaLiga ,11,10/29/11,Home,FC Barcelona,RCD Mallorca,5:0,CF,13',1:0,Penalty,Not Applicable,Antonela Rocuzzo
LaLiga ,11,10/29/11,Home,FC Barcelona,RCD Mallorca,5:0,CF,21',2:0,Right-footed shot,Adriano,Antonela Rocuzzo
LaLiga ,11,10/29/11,Home,FC Barcelona,RCD Mallorca,5:0,CF,30',3:0,Left-footed shot,Dani Alves,Antonela Rocuzzo
Champions League ,Group Stage,11/1/11,Away,FC Barcelona,FC Viktoria Plzen,0:4,CF,24',0:1,Penalty,Not Applicable,Antonela Rocuzzo
Champions League ,Group Stage,11/1/11,Away,FC Barcelona,FC Viktoria Plzen,0:4,CF,45'+2,0:2,Left-footed shot,Adriano,Antonela Rocuzzo
Champions League ,Group Stage,11/1/11,Away,FC Barcelona,FC Viktoria Plzen,0:4,CF,90'+2,0:4,Left-footed shot,Gerard Piqué,Antonela Rocuzzo
LaLiga ,12,11/6/11,Away,FC Barcelona,Athletic Bilbao,2:2,CF,90',2:2,Left-footed shot,Not Applicable,Antonela Rocuzzo
LaLiga ,13,11/19/11,Home,FC Barcelona,Real Zaragoza,4:0,CF,43',2:0,Right-footed shot,Cesc Fàbregas,Antonela Rocuzzo
Champions League ,Group Stage,11/23/11,Away,FC Barcelona,AC Milan,2:3,SS,31',1:2,Penalty,Not Applicable,Antonela Rocuzzo
LaLiga ,17,11/29/11,Home,FC Barcelona,Rayo Vallecano,4:0,CF,49',4:0,Left-footed shot,Dani Alves,Antonela Rocuzzo
LaLiga ,15,12/3/11,Home,FC Barcelona,Levante UD,5:0,CF,55',4:0,Left-footed shot,Dani Alves,Antonela Rocuzzo
Club World Cup ,Final,12/18/11,Away,FC Barcelona,Santos FC,0:4,RW,17',0:1,Left-footed shot,Xavi,Antonela Rocuzzo
Club World Cup ,Final,12/18/11,Away,FC Barcelona,Santos FC,0:4,RW,82',0:4,Left-footed shot,Dani Alves,Antonela Rocuzzo
Copa del Rey ,last 16,1/4/12,Home,FC Barcelona,CA Osasuna,4:0,CF,71',3:0,Header,Cesc Fàbregas,Antonela Rocuzzo
Copa del Rey ,last 16,1/4/12,Home,FC Barcelona,CA Osasuna,4:0,CF,90',4:0,Left-footed shot,Xavi,Antonela Rocuzzo
LaLiga ,19,1/15/12,Home,FC Barcelona,Real Betis Balompié,4:2,CF,12',2:0,Right-footed shot,Alexis Sánchez,Antonela Rocuzzo
LaLiga ,19,1/15/12,Home,FC Barcelona,Real Betis Balompié,4:2,CF,86',4:2,Penalty,Not Applicable,Antonela Rocuzzo
LaLiga ,1,1/22/12,Away,FC Barcelona,Málaga CF,1:4,CF,32',0:1,Header,Adriano,Antonela Rocuzzo
LaLiga ,1,1/22/12,Away,FC Barcelona,Málaga CF,1:4,CF,51',0:3,Left-footed shot,Thiago,Antonela Rocuzzo
LaLiga ,1,1/22/12,Away,FC Barcelona,Málaga CF,1:4,CF,77',0:4,Left-footed shot,Pedro,Antonela Rocuzzo
LaLiga ,22,2/4/12,Home,FC Barcelona,Real Sociedad,2:1,CF,72',2:0,Left-footed shot,Dani Alves,Antonela Rocuzzo
Champions League ,last 16,2/14/12,Away,FC Barcelona,Bayer 04 Leverkusen,1:3,CF,88',1:3,Left-footed shot,Dani Alves,Antonela Rocuzzo
LaLiga ,24,2/19/12,Home,FC Barcelona,Valencia CF,5:1,CF,21',1:1,Left-footed shot,Not Applicable,Antonela Rocuzzo
LaLiga ,24,2/19/12,Home,FC Barcelona,Valencia CF,5:1,CF,27',2:1,Tap-in,Not Applicable,Antonela Rocuzzo
LaLiga ,24,2/19/12,Home,FC Barcelona,Valencia CF,5:1,CF,75',3:1,Left-footed shot,Cristian Tello,Antonela Rocuzzo
LaLiga ,24,2/19/12,Home,FC Barcelona,Valencia CF,5:1,CF,84',4:1,Left-footed shot,Sergio Busquets,Antonela Rocuzzo
LaLiga ,25,2/26/12,Away,FC Barcelona,Atlético de Madrid,1:2,CF,79',1:2,Direct free kick,Not Applicable,Antonela Rocuzzo
Champions League ,last 16,3/7/12,Home,FC Barcelona,Bayer 04 Leverkusen,7:1,CF,25',1:0,Left-footed shot,Xavi,Antonela Rocuzzo
Champions League ,last 16,3/7/12,Home,FC Barcelona,Bayer 04 Leverkusen,7:1,CF,42',2:0,Left-footed shot,Andrés Iniesta,Antonela Rocuzzo
Champions League ,last 16,3/7/12,Home,FC Barcelona,Bayer 04 Leverkusen,7:1,CF,50',3:0,Right-footed shot,Cesc Fàbregas,Antonela Rocuzzo
Champions League ,last 16,3/7/12,Home,FC Barcelona,Bayer 04 Leverkusen,7:1,CF,58',5:0,Left-footed shot,Not Applicable,Antonela Rocuzzo
Champions League ,last 16,3/7/12,Home,FC Barcelona,Bayer 04 Leverkusen,7:1,CF,85',7:0,Left-footed shot,Seydou Keita,Antonela Rocuzzo
LaLiga ,27,3/11/12,Away,FC Barcelona,Racing Santander,0:2,CF,28',0:1,Left-footed shot,Cesc Fàbregas,Antonela Rocuzzo
LaLiga ,27,3/11/12,Away,FC Barcelona,Racing Santander,0:2,CF,55',0:2,Penalty,Not Applicable,Antonela Rocuzzo
LaLiga ,28,3/17/12,Away,FC Barcelona,Sevilla FC,0:2,CF,25',0:2,Left-footed shot,Andrés Iniesta,Antonela Rocuzzo
LaLiga ,29,3/20/12,Home,FC Barcelona,Granada CF,5:3,CF,16',2:0,Left-footed shot,Isaac Cuenca,Antonela Rocuzzo
LaLiga ,29,3/20/12,Home,FC Barcelona,Granada CF,5:3,CF,66',3:2,Left-footed shot,Dani Alves,Antonela Rocuzzo
LaLiga ,29,3/20/12,Home,FC Barcelona,Granada CF,5:3,CF,85',5:2,Left-footed shot,Dani Alves,Antonela Rocuzzo
LaLiga ,30,3/24/12,Away,FC Barcelona,RCD Mallorca,0:2,CF,25',0:1,Direct free kick,Not Applicable,Antonela Rocuzzo
LaLiga ,31,3/31/12,Home,FC Barcelona,Athletic Bilbao,2:0,CF,57',2:0,Penalty,Not Applicable,Antonela Rocuzzo
Champions League ,Quarter-Finals,4/3/12,Home,FC Barcelona,AC Milan,3:1,RW,11',1:0,Penalty,Not Applicable,Antonela Rocuzzo
Champions League ,Quarter-Finals,4/3/12,Home,FC Barcelona,AC Milan,3:1,RW,42',2:1,Penalty,Not Applicable,Antonela Rocuzzo
LaLiga ,32,4/7/12,Away,FC Barcelona,Real Zaragoza,1:4,CF,39',1:2,Left-footed shot,Alexis Sánchez,Antonela Rocuzzo
LaLiga ,32,4/7/12,Away,FC Barcelona,Real Zaragoza,1:4,CF,86',1:3,Penalty,Not Applicable,Antonela Rocuzzo
LaLiga ,33,4/10/12,Home,FC Barcelona,Getafe CF,4:0,CF,44',2:0,Left-footed shot,Andrés Iniesta,Antonela Rocuzzo
LaLiga ,34,4/14/12,Away,FC Barcelona,Levante UD,1:2,CF,64',1:1,Left-footed shot,Alexis Sánchez,Antonela Rocuzzo
LaLiga ,34,4/14/12,Away,FC Barcelona,Levante UD,1:2,CF,73',1:2,Penalty,Not Applicable,Antonela Rocuzzo
LaLiga ,36,4/29/12,Away,FC Barcelona,Rayo Vallecano,0:7,CF,16',0:1,Left-footed shot,Pedro,Antonela Rocuzzo
LaLiga ,36,4/29/12,Away,FC Barcelona,Rayo Vallecano,0:7,CF,88',0:7,Left-footed shot,Pedro,Antonela Rocuzzo
LaLiga ,20,5/2/12,Home,FC Barcelona,Málaga CF,4:1,CF,34',2:1,Penalty,Not Applicable,Antonela Rocuzzo
LaLiga ,20,5/2/12,Home,FC Barcelona,Málaga CF,4:1,CF,60',3:1,Penalty,Not Applicable,Antonela Rocuzzo
LaLiga ,20,5/2/12,Home,FC Barcelona,Málaga CF,4:1,CF,63',4:1,Left-footed shot,Andrés Iniesta,Antonela Rocuzzo
LaLiga ,37,5/5/12,Home,FC Barcelona,RCD Espanyol Barcelona,4:0,CF,11',1:0,Direct free kick,Not Applicable,Antonela Rocuzzo
LaLiga ,37,5/5/12,Home,FC Barcelona,RCD Espanyol Barcelona,4:0,CF,63',2:0,Penalty,Not Applicable,Antonela Rocuzzo
LaLiga ,37,5/5/12,Home,FC Barcelona,RCD Espanyol Barcelona,4:0,CF,73',3:0,Left-footed shot,Adriano,Antonela Rocuzzo
LaLiga ,37,5/5/12,Home,FC Barcelona,RCD Espanyol Barcelona,4:0,CF,78',4:0,Penalty,Not Applicable,Antonela Rocuzzo
Copa del Rey ,Final,5/25/12,Home,FC Barcelona,Athletic Bilbao,3:0,CF,20',2:0,Right-footed shot,Andrés Iniesta,Antonela Rocuzzo
LaLiga ,1,8/19/12,Home,FC Barcelona,Real Sociedad,5:1,CF,10',2:1,Left-footed shot,Pedro,Antonela Rocuzzo
LaLiga ,1,8/19/12,Home,FC Barcelona,Real Sociedad,5:1,CF,15',3:1,Left-footed shot,Cristian Tello,Antonela Rocuzzo
Supercopa ,final,8/23/12,Home,FC Barcelona,Real Madrid,3:2,CF,60',2:1,Penalty,Not Applicable,Antonela Rocuzzo
LaLiga ,2,8/26/12,Away,FC Barcelona,CA Osasuna,1:2,CF,74',1:1,Left-footed shot,Alexis Sánchez,Antonela Rocuzzo
LaLiga ,2,8/26/12,Away,FC Barcelona,CA Osasuna,1:2,CF,79',1:2,Left-footed shot,Jordi Alba,Antonela Rocuzzo
Supercopa ,final,8/29/12,Away,FC Barcelona,Real Madrid,2:1,CF,45',2:1,Direct free kick,Not Applicable,Antonela Rocuzzo
LaLiga ,4,9/15/12,Away,FC Barcelona,Getafe CF,1:4,CF,74',0:2,Penalty,Not Applicable,Antonela Rocuzzo
LaLiga ,4,9/15/12,Away,FC Barcelona,Getafe CF,1:4,CF,78',0:3,Left-footed shot,Pedro,Antonela Rocuzzo
Champions League ,Group Stage,9/19/12,Home,FC Barcelona,Spartak Moscow,3:2,CF,71',2:2,Left-footed shot,Cristian Tello,Antonela Rocuzzo
Champions League ,Group Stage,9/19/12,Home,FC Barcelona,Spartak Moscow,3:2,CF,80',3:2,Header,Alexis Sánchez,Antonela Rocuzzo
LaLiga ,7,10/7/12,Home,FC Barcelona,Real Madrid,2:2,CF,31',1:1,Left-footed shot,Not Applicable,Antonela Rocuzzo
LaLiga ,7,10/7/12,Home,FC Barcelona,Real Madrid,2:2,CF,60',2:1,Direct free kick,Not Applicable,Antonela Rocuzzo
LaLiga ,8,10/20/12,Away,FC Barcelona,Deportivo de La Coruña,4:5,CF,17',0:3,Left-footed shot,Cesc Fàbregas,Antonela Rocuzzo
LaLiga ,8,10/20/12,Away,FC Barcelona,Deportivo de La Coruña,4:5,CF,43',2:4,Left-footed shot,Cesc Fàbregas,Antonela Rocuzzo
LaLiga ,8,10/20/12,Away,FC Barcelona,Deportivo de La Coruña,4:5,CF,76',3:5,Left-footed shot,Xavi,Antonela Rocuzzo
LaLiga ,9,10/27/12,Away,FC Barcelona,Rayo Vallecano,0:5,CF,48',0:2,Left-footed shot,Martín Montoya,Antonela Rocuzzo
LaLiga ,9,10/27/12,Away,FC Barcelona,Rayo Vallecano,0:5,CF,89',0:5,Right-footed shot,Cesc Fàbregas,Antonela Rocuzzo
Champions League ,Group Stage,11/7/12,Away,FC Barcelona,Celtic FC,2:1,CF,90'+1,2:1,Tap-in,Not Applicable,Antonela Rocuzzo
LaLiga ,11,11/11/12,Away,FC Barcelona,RCD Mallorca,2:4,CF,43',0:2,Left-footed shot,Sergio Busquets,Antonela Rocuzzo
LaLiga ,11,11/11/12,Away,FC Barcelona,RCD Mallorca,2:4,CF,70',2:4,Left-footed shot,Alexis Sánchez,Antonela Rocuzzo
LaLiga ,12,11/17/12,Home,FC Barcelona,Real Zaragoza,3:1,CF,15',1:0,Left-footed shot,Jordi Alba,Antonela Rocuzzo
LaLiga ,12,11/17/12,Home,FC Barcelona,Real Zaragoza,3:1,CF,60',3:1,Left-footed shot,Martín Montoya,Antonela Rocuzzo
Champions League ,Group Stage,11/20/12,Away,FC Barcelona,Spartak Moscow,0:3,CF,27',0:2,Right-footed shot,Not Applicable,Antonela Rocuzzo
Champions League ,Group Stage,11/20/12,Away,FC Barcelona,Spartak Moscow,0:3,CF,39',0:3,Left-footed shot,Pedro,Antonela Rocuzzo
LaLiga ,13,11/25/12,Away,FC Barcelona,Levante UD,0:4,CF,46',0:1,Left-footed shot,Andrés Iniesta,Antonela Rocuzzo
LaLiga ,13,11/25/12,Away,FC Barcelona,Levante UD,0:4,CF,51',0:2,Left-footed shot,Andrés Iniesta,Antonela Rocuzzo
LaLiga ,14,12/1/12,Home,FC Barcelona,Athletic Bilbao,5:1,CF,24',2:0,Left-footed shot,Xavi,Antonela Rocuzzo
LaLiga ,14,12/1/12,Home,FC Barcelona,Athletic Bilbao,5:1,CF,69',5:1,Right-footed shot,Pedro,Antonela Rocuzzo
LaLiga ,15,12/9/12,Away,FC Barcelona,Real Betis Balompié,1:2,CF,16',0:1,Left-footed shot,Andrés Iniesta,Antonela Rocuzzo
LaLiga ,15,12/9/12,Away,FC Barcelona,Real Betis Balompié,1:2,CF,25',0:2,Left-footed shot,Andrés Iniesta,Antonela Rocuzzo
Copa del Rey ,last 16,12/12/12,Away,FC Barcelona,Córdoba CF,0:2,CF,10',0:1,Left-footed shot,David Villa,Antonela Rocuzzo
Copa del Rey ,last 16,12/12/12,Away,FC Barcelona,Córdoba CF,0:2,CF,73',0:2,Left-footed shot,Alexis Sánchez,Antonela Rocuzzo
LaLiga ,16,12/16/12,Home,FC Barcelona,Atlético de Madrid,4:1,CF,58',3:1,Left-footed shot,Alexis Sánchez,Antonela Rocuzzo
LaLiga ,16,12/16/12,Home,FC Barcelona,Atlético de Madrid,4:1,CF,88',4:1,Left-footed shot,Not Applicable,Antonela Rocuzzo
LaLiga ,17,12/22/12,Away,FC Barcelona,Real Valladolid CF,1:3,CF,59',0:2,Left-footed shot,Xavi,Antonela Rocuzzo
LaLiga ,18,1/6/13,Home,FC Barcelona,RCD Espanyol Barcelona,4:0,CF,28',4:0,Penalty,Not Applicable,Antonela Rocuzzo
LaLiga ,19,1/13/13,Away,FC Barcelona,Málaga CF,1:3,CF,26',0:1,Right-footed shot,Not Applicable,Antonela Rocuzzo
Copa del Rey ,Quarter-Finals,1/16/13,Home,FC Barcelona,Málaga CF,2:2,CF,29',1:1,Left-footed shot,Not Applicable,Antonela Rocuzzo
LaLiga ,20,1/19/13,Away,FC Barcelona,Real Sociedad,3:2,CF,6',0:1,Left-footed shot,Andrés Iniesta,Antonela Rocuzzo
Copa del Rey ,Quarter-Finals,1/24/13,Away,FC Barcelona,Málaga CF,2:4,CF,79',2:4,Header,Dani Alves,Antonela Rocuzzo
LaLiga ,21,1/27/13,Home,FC Barcelona,CA Osasuna,5:1,CF,11',1:0,Right-footed shot,Xavi,Antonela Rocuzzo
LaLiga ,21,1/27/13,Home,FC Barcelona,CA Osasuna,5:1,CF,28',2:1,Penalty,Not Applicable,Antonela Rocuzzo
LaLiga ,21,1/27/13,Home,FC Barcelona,CA Osasuna,5:1,CF,56',4:1,Left-footed shot,David Villa,Antonela Rocuzzo
LaLiga ,21,1/27/13,Home,FC Barcelona,CA Osasuna,5:1,CF,58',5:1,Left-footed shot,Adriano,Antonela Rocuzzo
LaLiga ,22,2/3/13,Away,FC Barcelona,Valencia CF,1:1,CF,39',1:1,Penalty,Not Applicable,Antonela Rocuzzo
LaLiga ,23,2/10/13,Home,FC Barcelona,Getafe CF,6:1,CF,13',2:0,Left-footed shot,Thiago,Antonela Rocuzzo
LaLiga ,24,2/16/13,Away,FC Barcelona,Granada CF,1:2,CF,49',1:1,Left-footed shot,Not Applicable,Antonela Rocuzzo
LaLiga ,24,2/16/13,Away,FC Barcelona,Granada CF,1:2,CF,72',1:2,Direct free kick,Not Applicable,Antonela Rocuzzo
LaLiga ,25,2/23/13,Home,FC Barcelona,Sevilla FC,2:1,CF,60',2:1,Left-footed shot,Cristian Tello,Antonela Rocuzzo
LaLiga ,26,3/2/13,Away,FC Barcelona,Real Madrid,2:1,CF,18',1:1,Left-footed shot,Dani Alves,Antonela Rocuzzo
LaLiga ,27,3/9/13,Home,FC Barcelona,Deportivo de La Coruña,2:0,CF,88',2:0,Left-footed shot,Alexis Sánchez,Antonela Rocuzzo
Champions League ,last 16,3/12/13,Home,FC Barcelona,AC Milan,4:0,CF,5',1:0,Left-footed shot,Xavi,Antonela Rocuzzo
Champions League ,last 16,3/12/13,Home,FC Barcelona,AC Milan,4:0,CF,40',2:0,Left-footed shot,Andrés Iniesta,Antonela Rocuzzo
LaLiga ,28,3/17/13,Home,FC Barcelona,Rayo Vallecano,3:1,CF,40',2:0,Left-footed shot,David Villa,Antonela Rocuzzo
LaLiga ,28,3/17/13,Home,FC Barcelona,Rayo Vallecano,3:1,CF,57',3:0,Left-footed shot,David Villa,Antonela Rocuzzo
LaLiga ,29,3/30/13,Away,FC Barcelona,Celta de Vigo,2:2,CF,73',1:2,Left-footed shot,Cristian Tello,Antonela Rocuzzo
Champions League ,Quarter-Finals,4/2/13,Away,FC Barcelona,Paris Saint-Germain,2:2,CF,38',0:1,Left-footed shot,Dani Alves,Antonela Rocuzzo
LaLiga ,33,4/27/13,Away,FC Barcelona,Athletic Bilbao,2:2,CF,67',1:1,Left-footed shot,Thiago,Antonela Rocuzzo
LaLiga ,34,5/5/13,Home,FC Barcelona,Real Betis Balompié,4:2,CF,60',3:2,Direct free kick,Not Applicable,Antonela Rocuzzo
LaLiga ,34,5/5/13,Home,FC Barcelona,Real Betis Balompié,4:2,CF,71',4:2,Left-footed shot,Alexis Sánchez,Antonela Rocuzzo
LaLiga ,1,8/18/13,Home,FC Barcelona,Levante UD,7:0,CF,13',2:0,Left-footed shot,Pedro,Antonela Rocuzzo
LaLiga ,1,8/18/13,Home,FC Barcelona,Levante UD,7:0,CF,42',5:0,Penalty,Not Applicable,Antonela Rocuzzo
LaLiga ,3,9/1/13,Away,FC Barcelona,Valencia CF,2:3,CF,11',0:1,Left-footed shot,Cesc Fàbregas,Antonela Rocuzzo
LaLiga ,3,9/1/13,Away,FC Barcelona,Valencia CF,2:3,CF,39',0:2,Right-footed shot,Cesc Fàbregas,Antonela Rocuzzo
LaLiga ,3,9/1/13,Away,FC Barcelona,Valencia CF,2:3,CF,41',0:3,Left-footed shot,Neymar,Antonela Rocuzzo
LaLiga ,4,9/14/13,Home,FC Barcelona,Sevilla FC,3:2,CF,75',2:0,Left-footed shot,Neymar,Antonela Rocuzzo
Champions League ,Group Stage,9/18/13,Home,FC Barcelona,Ajax Amsterdam,4:0,CF,22',1:0,Direct free kick,Not Applicable,Antonela Rocuzzo
Champions League ,Group Stage,9/18/13,Home,FC Barcelona,Ajax Amsterdam,4:0,CF,55',2:0,Left-footed shot,Sergio Busquets,Antonela Rocuzzo
Champions League ,Group Stage,9/18/13,Home,FC Barcelona,Ajax Amsterdam,4:0,CF,75',4:0,Left-footed shot,Xavi,Antonela Rocuzzo
LaLiga ,6,9/24/13,Home,FC Barcelona,Real Sociedad,4:1,CF,8',2:0,Header,Neymar,Antonela Rocuzzo
LaLiga ,7,9/28/13,Away,FC Barcelona,UD Almería,0:2,CF,21',0:1,Left-footed shot,Pedro,Antonela Rocuzzo
Champions League ,Group Stage,10/22/13,Away,FC Barcelona,AC Milan,1:1,CF,23',1:1,Left-footed shot,Andrés Iniesta,Antonela Rocuzzo
Champions League ,Group Stage,11/6/13,Home,FC Barcelona,AC Milan,3:1,CF,30',1:0,Penalty,Not Applicable,Antonela Rocuzzo
Champions League ,Group Stage,11/6/13,Home,FC Barcelona,AC Milan,3:1,CF,83',3:1,Left-footed shot,Cesc Fàbregas,Antonela Rocuzzo
Copa del Rey ,last 16,1/8/14,Home,FC Barcelona,Getafe CF,4:0,CF,90',3:0,Left-footed shot,Martín Montoya,Antonela Rocuzzo
Copa del Rey ,last 16,1/8/14,Home,FC Barcelona,Getafe CF,4:0,CF,90'+2,4:0,Left-footed shot,Alex Song,Antonela Rocuzzo
Copa del Rey ,last 16,1/16/14,Away,FC Barcelona,Getafe CF,0:2,CF,43',0:1,Right-footed shot,Cristian Tello,Antonela Rocuzzo
Copa del Rey ,last 16,1/16/14,Away,FC Barcelona,Getafe CF,0:2,CF,63',0:2,Left-footed shot,Not Applicable,Antonela Rocuzzo
LaLiga ,22,2/1/14,Home,FC Barcelona,Valencia CF,2:3,CF,54',2:2,Penalty,Not Applicable,Antonela Rocuzzo
LaLiga ,23,2/9/14,Away,FC Barcelona,Sevilla FC,1:4,CF,44',1:2,Left-footed shot,Pedro,Antonela Rocuzzo
LaLiga ,23,2/9/14,Away,FC Barcelona,Sevilla FC,1:4,CF,56',1:3,Left-footed shot,Andrés Iniesta,Antonela Rocuzzo
Copa del Rey ,Semi-Finals,2/12/14,Away,FC Barcelona,Real Sociedad,1:1,CF,26',0:1,Solo run,Not Applicable,Antonela Rocuzzo
LaLiga ,24,2/15/14,Home,FC Barcelona,Rayo Vallecano,6:0,CF,36',2:0,Left-footed shot,Cesc Fàbregas,Antonela Rocuzzo
LaLiga ,24,2/15/14,Home,FC Barcelona,Rayo Vallecano,6:0,CF,68',5:0,Left-footed shot,Alexis Sánchez,Antonela Rocuzzo
Champions League ,last 16,2/18/14,Away,FC Barcelona,Manchester City,0:2,CF,54',0:1,Penalty,Not Applicable,Antonela Rocuzzo
LaLiga ,25,2/22/14,Away,FC Barcelona,Real Sociedad,3:1,CF,36',1:1,Left-footed shot,Martín Montoya,Antonela Rocuzzo
LaLiga ,26,3/2/14,Home,FC Barcelona,UD Almería,4:1,CF,24',2:0,Direct free kick,Not Applicable,Antonela Rocuzzo
Champions League ,last 16,3/12/14,Home,FC Barcelona,Manchester City,2:1,CF,67',1:0,Left-footed shot,Not Applicable,Antonela Rocuzzo
LaLiga ,28,3/16/14,Home,FC Barcelona,CA Osasuna,7:0,CF,18',1:0,Left-footed shot,Alexis Sánchez,Antonela Rocuzzo
LaLiga ,28,3/16/14,Home,FC Barcelona,CA Osasuna,7:0,CF,63',4:0,Left-footed shot,Andrés Iniesta,Antonela Rocuzzo
LaLiga ,28,3/16/14,Home,FC Barcelona,CA Osasuna,7:0,CF,88',6:0,Right-footed shot,Dani Alves,Antonela Rocuzzo
LaLiga ,29,3/23/14,Away,FC Barcelona,Real Madrid,3:4,CF,42',2:2,Left-footed shot,Neymar,Antonela Rocuzzo
LaLiga ,29,3/23/14,Away,FC Barcelona,Real Madrid,3:4,CF,65',3:3,Penalty,Not Applicable,Antonela Rocuzzo
LaLiga ,29,3/23/14,Away,FC Barcelona,Real Madrid,3:4,CF,84',3:4,Penalty,Not Applicable,Antonela Rocuzzo
LaLiga ,30,3/26/14,Home,FC Barcelona,Celta de Vigo,3:0,CF,30',2:0,Right-footed shot,Andrés Iniesta,Antonela Rocuzzo
LaLiga ,31,3/29/14,Away,FC Barcelona,RCD Espanyol Barcelona,0:1,CF,77',0:1,Penalty,Not Applicable,Antonela Rocuzzo
LaLiga ,32,4/5/14,Home,FC Barcelona,Real Betis Balompié,3:1,CF,15',1:0,Penalty,Not Applicable,Antonela Rocuzzo
LaLiga ,32,4/5/14,Home,FC Barcelona,Real Betis Balompié,3:1,CF,86',3:1,Penalty rebound,Antonio Amaya,Antonela Rocuzzo
LaLiga ,34,4/20/14,Home,FC Barcelona,Athletic Bilbao,2:1,CF,74',2:1,Direct free kick,Not Applicable,Antonela Rocuzzo
LaLiga ,35,4/27/14,Away,FC Barcelona,Villarreal CF,2:3,CF,83',2:3,Right-footed shot,Cesc Fàbregas,Antonela Rocuzzo
LaLiga ,36,5/3/14,Home,FC Barcelona,Getafe CF,2:2,CF,23',1:0,Left-footed shot,Dani Alves,Antonela Rocuzzo
LaLiga ,1,8/24/14,Home,FC Barcelona,Elche CF,3:0,CF,42',1:0,Left-footed shot,Sergio Busquets,Antonela Rocuzzo
LaLiga ,1,8/24/14,Home,FC Barcelona,Elche CF,3:0,CF,64',3:0,Left-footed shot,Not Applicable,Antonela Rocuzzo
LaLiga ,4,9/21/14,Away,FC Barcelona,Levante UD,0:5,CF,77',0:5,Right-footed shot,Not Applicable,Antonela Rocuzzo
LaLiga ,6,9/27/14,Home,FC Barcelona,Granada CF,6:0,CF,62',4:0,Header,Dani Alves,Antonela Rocuzzo
LaLiga ,6,9/27/14,Home,FC Barcelona,Granada CF,6:0,CF,82',6:0,Right-footed shot,Not Applicable,Antonela Rocuzzo
Champions League ,Group Stage,9/30/14,Away,FC Barcelona,Paris Saint-Germain,3:2,RW,12',1:1,Left-footed shot,Andrés Iniesta,Antonela Rocuzzo
LaLiga ,7,10/4/14,Away,FC Barcelona,Rayo Vallecano,0:2,CF,35',0:1,Left-footed shot,Gerard Piqué,Antonela Rocuzzo
LaLiga ,8,10/18/14,Home,FC Barcelona,SD Eibar,3:0,CF,74',3:0,Left-footed shot,Neymar,Antonela Rocuzzo
Champions League ,Group Stage,10/21/14,Home,FC Barcelona,Ajax Amsterdam,3:1,CF,24',2:0,Left-footed shot,Andrés Iniesta,Antonela Rocuzzo
Champions League ,Group Stage,11/5/14,Away,FC Barcelona,Ajax Amsterdam,0:2,RW,36',0:1,Header,Marc Bartra,Antonela Rocuzzo
Champions League ,Group Stage,11/5/14,Away,FC Barcelona,Ajax Amsterdam,0:2,RW,76',0:2,Left-footed shot,Pedro,Antonela Rocuzzo
LaLiga ,12,11/22/14,Home,FC Barcelona,Sevilla FC,5:1,RW,21',1:0,Direct free kick,Not Applicable,Antonela Rocuzzo
LaLiga ,12,11/22/14,Home,FC Barcelona,Sevilla FC,5:1,RW,73',4:1,Tap-in,Neymar,Antonela Rocuzzo
LaLiga ,12,11/22/14,Home,FC Barcelona,Sevilla FC,5:1,RW,78',5:1,Left-footed shot,Neymar,Antonela Rocuzzo
Champions League ,Group Stage,11/25/14,Away,FC Barcelona,APOEL Nicosia,0:4,CF,38',0:2,Right-footed shot,Rafinha,Antonela Rocuzzo
Champions League ,Group Stage,11/25/14,Away,FC Barcelona,APOEL Nicosia,0:4,CF,58',0:3,Right-footed shot,Dani Alves,Antonela Rocuzzo
Champions League ,Group Stage,11/25/14,Away,FC Barcelona,APOEL Nicosia,0:4,CF,87',0:4,Right-footed shot,Pedro,Antonela Rocuzzo
LaLiga ,14,12/7/14,Home,FC Barcelona,RCD Espanyol Barcelona,5:1,RW,45'+1,1:1,Left-footed shot,Xavi,Antonela Rocuzzo
LaLiga ,14,12/7/14,Home,FC Barcelona,RCD Espanyol Barcelona,5:1,RW,50',2:1,Right-footed shot,Luis Suárez,Antonela Rocuzzo
LaLiga ,14,12/7/14,Home,FC Barcelona,RCD Espanyol Barcelona,5:1,RW,81',5:1,Right-footed shot,Pedro,Antonela Rocuzzo
Champions League ,Group Stage,12/10/14,Home,FC Barcelona,Paris Saint-Germain,3:1,AM,19',1:1,Right-footed shot,Luis Suárez,Antonela Rocuzzo
LaLiga ,16,12/20/14,Home,FC Barcelona,Córdoba CF,5:0,RW,82',4:0,Right-footed shot,Not Applicable,Antonela Rocuzzo
LaLiga ,16,12/20/14,Home,FC Barcelona,Córdoba CF,5:0,RW,90',5:0,Right-footed shot,Not Applicable,Antonela Rocuzzo
Copa del Rey ,last 16,1/8/15,Home,FC Barcelona,Elche CF,5:0,RW,45',3:0,Penalty,Not Applicable,Antonela Rocuzzo
LaLiga ,18,1/11/15,Home,FC Barcelona,Atlético de Madrid,3:1,RW,87',3:1,Left-footed shot,Not Applicable,Antonela Rocuzzo
LaLiga ,19,1/18/15,Away,FC Barcelona,Deportivo de La Coruña,0:4,RW,11',0:1,Header,Ivan Rakitic,Antonela Rocuzzo
LaLiga ,19,1/18/15,Away,FC Barcelona,Deportivo de La Coruña,0:4,RW,33',0:2,Left-footed shot,Luis Suárez,Antonela Rocuzzo
LaLiga ,19,1/18/15,Away,FC Barcelona,Deportivo de La Coruña,0:4,RW,62',0:3,Left-footed shot,Ivan Rakitic,Antonela Rocuzzo
Copa del Rey ,Quarter-Finals,1/21/15,Home,FC Barcelona,Atlético de Madrid,1:0,RW,85',1:0,Penalty rebound,Not Applicable,Antonela Rocuzzo
LaLiga ,20,1/24/15,Away,FC Barcelona,Elche CF,0:6,CF,55',0:2,Penalty,Not Applicable,Antonela Rocuzzo
LaLiga ,20,1/24/15,Away,FC Barcelona,Elche CF,0:6,CF,88',0:5,Left-footed shot,Marc Bartra,Antonela Rocuzzo
LaLiga ,21,2/1/15,Home,FC Barcelona,Villarreal CF,3:2,RW,55',3:2,Right-footed shot,Luis Suárez,Antonela Rocuzzo
LaLiga ,22,2/8/15,Away,FC Barcelona,Athletic Bilbao,2:5,RW,15',0:1,Direct free kick,Not Applicable,Antonela Rocuzzo
Copa del Rey ,Semi-Finals,2/11/15,Home,FC Barcelona,Villarreal CF,3:1,RW,41',1:0,Left-footed shot,Luis Suárez,Antonela Rocuzzo
LaLiga ,23,2/15/15,Home,FC Barcelona,Levante UD,5:0,CF,38',2:0,Right-footed shot,Marc Bartra,Antonela Rocuzzo
LaLiga ,23,2/15/15,Home,FC Barcelona,Levante UD,5:0,CF,59',3:0,Right-footed shot,Pedro,Antonela Rocuzzo
LaLiga ,23,2/15/15,Home,FC Barcelona,Levante UD,5:0,CF,65',4:0,Penalty,Not Applicable,Antonela Rocuzzo
LaLiga ,25,2/28/15,Away,FC Barcelona,Granada CF,1:3,RW,70',1:3,Right-footed shot,Luis Suárez,Antonela Rocuzzo
LaLiga ,26,3/8/15,Home,FC Barcelona,Rayo Vallecano,6:1,RW,56',3:0,Penalty,Not Applicable,Antonela Rocuzzo
LaLiga ,26,3/8/15,Home,FC Barcelona,Rayo Vallecano,6:1,RW,63',4:0,Tap-in,Not Applicable,Antonela Rocuzzo
LaLiga ,26,3/8/15,Home,FC Barcelona,Rayo Vallecano,6:1,RW,68',5:0,Left-footed shot,Pedro,Antonela Rocuzzo
LaLiga ,27,3/14/15,Away,FC Barcelona,SD Eibar,0:2,RW,31',0:1,Penalty,Not Applicable,Antonela Rocuzzo
LaLiga ,27,3/14/15,Away,FC Barcelona,SD Eibar,0:2,RW,55',0:2,Header,Ivan Rakitic,Antonela Rocuzzo
LaLiga ,30,4/8/15,Home,FC Barcelona,UD Almería,4:0,RW,33',1:0,Left-footed shot,Marc Bartra,Antonela Rocuzzo
LaLiga ,31,4/11/15,Away,FC Barcelona,Sevilla FC,2:2,RW,15',0:1,Left-footed shot,Neymar,Antonela Rocuzzo
LaLiga ,32,4/18/15,Home,FC Barcelona,Valencia CF,2:0,RW,90'+4,2:0,Left-footed shot,Not Applicable,Antonela Rocuzzo
LaLiga ,33,4/25/15,Away,FC Barcelona,RCD Espanyol Barcelona,0:2,RW,25',0:2,Left-footed shot,Luis Suárez,Antonela Rocuzzo
LaLiga ,34,4/28/15,Home,FC Barcelona,Getafe CF,6:0,RW,9',1:0,Penalty,Not Applicable,Antonela Rocuzzo
LaLiga ,34,4/28/15,Home,FC Barcelona,Getafe CF,6:0,RW,47',6:0,Left-footed shot,Luis Suárez,Antonela Rocuzzo
LaLiga ,35,5/2/15,Away,FC Barcelona,Córdoba CF,0:8,RW,47',0:3,Header,Dani Alves,Antonela Rocuzzo
LaLiga ,35,5/2/15,Away,FC Barcelona,Córdoba CF,0:8,RW,80',0:6,Left-footed shot,Luis Suárez,Antonela Rocuzzo
Champions League ,Semi-Finals,5/6/15,Home,FC Barcelona,Bayern Munich,3:0,RW,77',1:0,Left-footed shot,Dani Alves,Antonela Rocuzzo
Champions League ,Semi-Finals,5/6/15,Home,FC Barcelona,Bayern Munich,3:0,RW,80',2:0,Right-footed shot,Ivan Rakitic,Antonela Rocuzzo
LaLiga ,37,5/17/15,Away,FC Barcelona,Atlético de Madrid,0:1,RW,65',0:1,Left-footed shot,Pedro,Antonela Rocuzzo
LaLiga ,38,5/23/15,Home,FC Barcelona,Deportivo de La Coruña,2:2,RW,5',1:0,Header,Rafinha,Antonela Rocuzzo
LaLiga ,38,5/23/15,Home,FC Barcelona,Deportivo de La Coruña,2:2,RW,59',2:0,Right-footed shot,Neymar,Antonela Rocuzzo
Copa del Rey ,Final,5/30/15,Away,FC Barcelona,Athletic Bilbao,1:3,RW,20',0:1,Solo run,Not Applicable,Antonela Rocuzzo
Copa del Rey ,Final,5/30/15,Away,FC Barcelona,Athletic Bilbao,1:3,RW,74',0:3,Left-footed shot,Dani Alves,Antonela Rocuzzo
UEFA Super Cup ,Final,8/11/15,Home,FC Barcelona,Sevilla FC,5:4,RW,7',1:1,Direct free kick,Not Applicable,Antonela Rocuzzo
UEFA Super Cup ,Final,8/11/15,Home,FC Barcelona,Sevilla FC,5:4,RW,16',2:1,Direct free kick,Not Applicable,Antonela Rocuzzo
Supercopa ,final,8/17/15,Home,FC Barcelona,Athletic Bilbao,1:1,RW,43',1:0,Left-footed shot,Luis Suárez,Antonela Rocuzzo
LaLiga ,3,9/12/15,Away,FC Barcelona,Atlético de Madrid,1:2,RW,77',1:2,Left-footed shot,Luis Suárez,Antonela Rocuzzo
LaLiga ,4,9/20/15,Home,FC Barcelona,Levante UD,4:1,SS,61',3:0,Penalty,Not Applicable,Antonela Rocuzzo
LaLiga ,4,9/20/15,Home,FC Barcelona,Levante UD,4:1,SS,90',4:1,Left-footed shot,Marc Bartra,Antonela Rocuzzo
Champions League ,Group Stage,11/24/15,Home,FC Barcelona,AS Roma,6:1,RW,18',2:0,Left-footed shot,Luis Suárez,Antonela Rocuzzo
Champions League ,Group Stage,11/24/15,Home,FC Barcelona,AS Roma,6:1,RW,60',5:0,Tap-in,Not Applicable,Antonela Rocuzzo
LaLiga ,13,11/28/15,Home,FC Barcelona,Real Sociedad,4:0,RW,90'+1,4:0,Left-footed shot,Neymar,Antonela Rocuzzo
Champions League ,Group Stage,12/9/15,Away,FC Barcelona,Bayer 04 Leverkusen,1:1,RW,20',0:1,Right-footed shot,Ivan Rakitic,Antonela Rocuzzo
LaLiga ,15,12/12/15,Home,FC Barcelona,Deportivo de La Coruña,2:2,RW,39',1:0,Direct free kick,Not Applicable,Antonela Rocuzzo
Club World Cup ,Final,12/20/15,Away,FC Barcelona,CA River Plate,0:3,RW,36',0:1,Left-footed shot,Neymar,Antonela Rocuzzo
LaLiga ,17,12/30/15,Home,FC Barcelona,Real Betis Balompié,4:0,RW,33',2:0,Right-footed shot,Neymar,Antonela Rocuzzo
Copa del Rey ,last 16,1/6/16,Home,FC Barcelona,RCD Espanyol Barcelona,4:1,RW,13',1:1,Left-footed shot,Andrés Iniesta,Antonela Rocuzzo
Copa del Rey ,last 16,1/6/16,Home,FC Barcelona,RCD Espanyol Barcelona,4:1,RW,44',2:1,Direct free kick,Not Applicable,Antonela Rocuzzo
LaLiga ,19,1/9/16,Home,FC Barcelona,Granada CF,4:0,RW,8',1:0,Left-footed shot,Arda Turan,Antonela Rocuzzo
LaLiga ,19,1/9/16,Home,FC Barcelona,Granada CF,4:0,RW,14',2:0,Left-footed shot,Luis Suárez,Antonela Rocuzzo
LaLiga ,19,1/9/16,Home,FC Barcelona,Granada CF,4:0,RW,58',3:0,Tap-in,Not Applicable,Antonela Rocuzzo
LaLiga ,20,1/17/16,Home,FC Barcelona,Athletic Bilbao,6:0,RW,7',1:0,Penalty,Not Applicable,Antonela Rocuzzo
LaLiga ,21,1/23/16,Away,FC Barcelona,Málaga CF,1:2,RW,51',1:2,Left-footed shot,Adriano,Antonela Rocuzzo
LaLiga ,22,1/30/16,Home,FC Barcelona,Atlético de Madrid,2:1,RW,30',1:1,Left-footed shot,Jordi Alba,Antonela Rocuzzo
Copa del Rey ,Semi-Finals,2/3/16,Home,FC Barcelona,Valencia CF,7:0,RW,29',3:0,Left-footed shot,Neymar,Antonela Rocuzzo
Copa del Rey ,Semi-Finals,2/3/16,Home,FC Barcelona,Valencia CF,7:0,RW,59',4:0,Left-footed shot,Luis Suárez,Antonela Rocuzzo
Copa del Rey ,Semi-Finals,2/3/16,Home,FC Barcelona,Valencia CF,7:0,RW,74',5:0,Left-footed shot,Not Applicable,Antonela Rocuzzo
LaLiga ,24,2/14/16,Home,FC Barcelona,Celta de Vigo,6:1,RW,28',1:0,Direct free kick,Not Applicable,Antonela Rocuzzo
LaLiga ,16,2/17/16,Away,FC Barcelona,Sporting Gijón,1:3,RW,25',0:1,Left-footed shot,Luis Suárez,Antonela Rocuzzo
LaLiga ,16,2/17/16,Away,FC Barcelona,Sporting Gijón,1:3,RW,31',1:2,Left-footed shot,Luis Suárez,Antonela Rocuzzo
Champions League ,last 16,2/23/16,Away,FC Barcelona,Arsenal FC,0:2,RW,71',0:1,Left-footed shot,Neymar,Antonela Rocuzzo
Champions League ,last 16,2/23/16,Away,FC Barcelona,Arsenal FC,0:2,RW,83',0:2,Penalty,Not Applicable,Antonela Rocuzzo
LaLiga ,26,2/28/16,Home,FC Barcelona,Sevilla FC,2:1,RW,31',1:1,Direct free kick,Not Applicable,Antonela Rocuzzo
LaLiga ,27,3/3/16,Away,FC Barcelona,Rayo Vallecano,1:5,RW,23',0:2,Left-footed shot,Neymar,Antonela Rocuzzo
LaLiga ,27,3/3/16,Away,FC Barcelona,Rayo Vallecano,1:5,RW,53',0:3,Left-footed shot,Not Applicable,Antonela Rocuzzo
LaLiga ,27,3/3/16,Away,FC Barcelona,Rayo Vallecano,1:5,RW,72',1:4,Left-footed shot,Sergio Busquets,Antonela Rocuzzo
LaLiga ,28,3/6/16,Away,FC Barcelona,SD Eibar,0:4,RW,42',0:2,Left-footed shot,Munir El Haddadi,Antonela Rocuzzo
LaLiga ,28,3/6/16,Away,FC Barcelona,SD Eibar,0:4,RW,76',0:3,Penalty,Not Applicable,Antonela Rocuzzo
LaLiga ,29,3/12/16,Home,FC Barcelona,Getafe CF,6:0,CF,41',4:0,Left-footed shot,Arda Turan,Antonela Rocuzzo
Champions League ,last 16,3/16/16,Home,FC Barcelona,Arsenal FC,3:1,RW,86',3:1,Left-footed shot,Neymar,Antonela Rocuzzo
LaLiga ,33,4/17/16,Home,FC Barcelona,Valencia CF,1:2,RW,63',1:2,Left-footed shot,Jordi Alba,Antonela Rocuzzo
LaLiga ,34,4/20/16,Away,FC Barcelona,Deportivo de La Coruña,0:8,RW,73',0:6,Left-footed shot,Luis Suárez,Antonela Rocuzzo
LaLiga ,35,4/23/16,Home,FC Barcelona,Sporting Gijón,6:0,RW,13',1:0,Header,Not Applicable,Antonela Rocuzzo
LaLiga ,37,5/8/16,Home,FC Barcelona,RCD Espanyol Barcelona,5:0,RW,8',1:0,Direct free kick,Not Applicable,Antonela Rocuzzo
Supercopa ,final,8/17/16,Home,FC Barcelona,Sevilla FC,3:0,RW,55',3:0,Header,Lucas Digne,Antonela Rocuzzo
LaLiga ,1,8/20/16,Home,FC Barcelona,Real Betis Balompié,6:2,RW,37',2:1,Left-footed shot,Sergi Roberto,Antonela Rocuzzo
LaLiga ,1,8/20/16,Home,FC Barcelona,Real Betis Balompié,6:2,RW,58',5:1,Left-footed shot,Arda Turan,Antonela Rocuzzo
Champions League ,Group Stage,9/13/16,Home,FC Barcelona,Celtic FC,7:0,RW,3',1:0,Left-footed shot,Neymar,Antonela Rocuzzo
Champions League ,Group Stage,9/13/16,Home,FC Barcelona,Celtic FC,7:0,RW,27',2:0,Left-footed shot,Neymar,Antonela Rocuzzo
Champions League ,Group Stage,9/13/16,Home,FC Barcelona,Celtic FC,7:0,RW,60',5:0,Left-footed shot,Luis Suárez,Antonela Rocuzzo
LaLiga ,4,9/17/16,Away,FC Barcelona,CD Leganés,1:5,RW,15',0:1,Left-footed shot,Luis Suárez,Antonela Rocuzzo
LaLiga ,4,9/17/16,Away,FC Barcelona,CD Leganés,1:5,RW,55',0:4,Penalty,Not Applicable,Antonela Rocuzzo
LaLiga ,8,10/15/16,Home,FC Barcelona,Deportivo de La Coruña,4:0,RW,58',4:0,Left-footed shot,Neymar,Antonela Rocuzzo
Champions League ,Group Stage,10/19/16,Home,FC Barcelona,Manchester City,4:0,RW,17',1:0,Left-footed shot,Andrés Iniesta,Antonela Rocuzzo
Champions League ,Group Stage,10/19/16,Home,FC Barcelona,Manchester City,4:0,RW,61',2:0,Left-footed shot,Andrés Iniesta,Antonela Rocuzzo
Champions League ,Group Stage,10/19/16,Home,FC Barcelona,Manchester City,4:0,RW,69',3:0,Left-footed shot,Luis Suárez,Antonela Rocuzzo
LaLiga ,9,10/22/16,Away,FC Barcelona,Valencia CF,2:3,RW,22',0:1,Left-footed shot,Ivan Rakitic,Antonela Rocuzzo
LaLiga ,9,10/22/16,Away,FC Barcelona,Valencia CF,2:3,RW,90'+4,2:3,Penalty,Not Applicable,Antonela Rocuzzo
Champions League ,Group Stage,11/1/16,Away,FC Barcelona,Manchester City,3:1,RW,21',0:1,Left-footed shot,Neymar,Antonela Rocuzzo
LaLiga ,11,11/6/16,Away,FC Barcelona,Sevilla FC,1:2,RW,43',1:1,Left-footed shot,Neymar,Antonela Rocuzzo
Champions League ,Group Stage,11/23/16,Away,FC Barcelona,Celtic FC,0:2,RW,24',0:1,Left-footed shot,Neymar,Antonela Rocuzzo
Champions League ,Group Stage,11/23/16,Away,FC Barcelona,Celtic FC,0:2,RW,55',0:2,Penalty,Not Applicable,Antonela Rocuzzo
LaLiga ,13,11/27/16,Away,FC Barcelona,Real Sociedad,1:1,RW,59',1:1,Left-footed shot,Neymar,Antonela Rocuzzo
Champions League ,Group Stage,12/6/16,Home,FC Barcelona,Borussia Mönchengladbach,4:0,RW,16',1:0,Left-footed shot,Arda Turan,Antonela Rocuzzo
LaLiga ,15,12/10/16,Away,FC Barcelona,CA Osasuna,0:3,RW,72',0:2,Left-footed shot,Jordi Alba,Antonela Rocuzzo
LaLiga ,15,12/10/16,Away,FC Barcelona,CA Osasuna,0:3,RW,90'+2,0:3,Left-footed shot,Sergio Busquets,Antonela Rocuzzo
LaLiga ,16,12/18/16,Home,FC Barcelona,RCD Espanyol Barcelona,4:1,RW,90',4:1,Left-footed shot,Luis Suárez,Antonela Rocuzzo
Copa del Rey ,last 16,1/5/17,Away,FC Barcelona,Athletic Bilbao,2:1,RW,52',2:1,Direct free kick,Not Applicable,Antonela Rocuzzo
LaLiga ,17,1/8/17,Away,FC Barcelona,Villarreal CF,1:1,RW,90',1:1,Direct free kick,Not Applicable,Antonela Rocuzzo
Copa del Rey ,last 16,1/11/17,Home,FC Barcelona,Athletic Bilbao,3:1,RW,78',3:1,Direct free kick,Not Applicable,Antonela Rocuzzo
LaLiga ,18,1/14/17,Home,FC Barcelona,UD Las Palmas,5:0,RW,52',2:0,Right-footed shot,Not Applicable,Antonela Rocuzzo
LaLiga ,19,1/22/17,Away,FC Barcelona,SD Eibar,0:4,RW,50',0:2,Left-footed shot,Luis Suárez,Antonela Rocuzzo
Copa del Rey ,Quarter-Finals,1/26/17,Home,FC Barcelona,Real Sociedad,5:2,RW,55',2:0,Penalty,Not Applicable,Antonela Rocuzzo
Copa del Rey ,Semi-Finals,2/1/17,Away,FC Barcelona,Atlético de Madrid,1:2,RW,33',0:2,Left-footed shot,Ivan Rakitic,Antonela Rocuzzo
LaLiga ,21,2/4/17,Home,FC Barcelona,Athletic Bilbao,3:0,RW,40',2:0,Direct free kick,Not Applicable,Antonela Rocuzzo
LaLiga ,22,2/11/17,Away,FC Barcelona,Deportivo Alavés,0:6,RW,59',0:3,Left-footed shot,Neymar,Antonela Rocuzzo
LaLiga ,23,2/19/17,Home,FC Barcelona,CD Leganés,2:1,RW,4',1:0,Right-footed shot,Luis Suárez,Antonela Rocuzzo
LaLiga ,23,2/19/17,Home,FC Barcelona,CD Leganés,2:1,RW,90',2:1,Penalty,Not Applicable,Antonela Rocuzzo
LaLiga ,24,2/26/17,Away,FC Barcelona,Atlético de Madrid,1:2,RW,86',1:2,Left-footed shot,Not Applicable,Antonela Rocuzzo
LaLiga ,25,3/1/17,Home,FC Barcelona,Sporting Gijón,6:1,RW,9',1:0,Header,Javier Mascherano,Antonela Rocuzzo
LaLiga ,26,3/4/17,Home,FC Barcelona,Celta de Vigo,5:0,AM,24',1:0,Left-footed shot,Sergio Busquets,Antonela Rocuzzo
LaLiga ,26,3/4/17,Home,FC Barcelona,Celta de Vigo,5:0,AM,64',5:0,Left-footed shot,Not Applicable,Antonela Rocuzzo
Champions League ,last 16,3/8/17,Home,FC Barcelona,Paris Saint-Germain,6:1,AM,50',3:0,Penalty,Not Applicable,Antonela Rocuzzo
LaLiga ,28,3/19/17,Home,FC Barcelona,Valencia CF,4:2,AM,45',2:1,Penalty,Not Applicable,Antonela Rocuzzo
LaLiga ,28,3/19/17,Home,FC Barcelona,Valencia CF,4:2,AM,53',3:2,Right-footed shot,Javier Mascherano,Antonela Rocuzzo
LaLiga ,30,4/5/17,Home,FC Barcelona,Sevilla FC,3:0,RW,28',2:0,Right-footed shot,Luis Suárez,Antonela Rocuzzo
LaLiga ,30,4/5/17,Home,FC Barcelona,Sevilla FC,3:0,RW,33',3:0,Left-footed shot,Not Applicable,Antonela Rocuzzo
LaLiga ,32,4/15/17,Home,FC Barcelona,Real Sociedad,3:2,RW,17',1:0,Left-footed shot,Luis Suárez,Antonela Rocuzzo
LaLiga ,32,4/15/17,Home,FC Barcelona,Real Sociedad,3:2,RW,37',2:0,Tap-in,Not Applicable,Antonela Rocuzzo
LaLiga ,33,4/23/17,Away,FC Barcelona,Real Madrid,2:3,RW,33',1:1,Left-footed shot,Ivan Rakitic,Antonela Rocuzzo
LaLiga ,33,4/23/17,Away,FC Barcelona,Real Madrid,2:3,RW,90'+2,2:3,Left-footed shot,Jordi Alba,Antonela Rocuzzo
LaLiga ,34,4/26/17,Home,FC Barcelona,CA Osasuna,7:1,AM,12',1:0,Left-footed shot,Not Applicable,Antonela Rocuzzo
LaLiga ,34,4/26/17,Home,FC Barcelona,CA Osasuna,7:1,AM,61',4:1,Left-footed shot,Ivan Rakitic,Antonela Rocuzzo
LaLiga ,36,5/6/17,Home,FC Barcelona,Villarreal CF,4:1,RW,45',2:1,Left-footed shot,Sergio Busquets,Antonela Rocuzzo
LaLiga ,36,5/6/17,Home,FC Barcelona,Villarreal CF,4:1,RW,82',4:1,Penalty,Not Applicable,Antonela Rocuzzo
LaLiga ,38,5/21/17,Home,FC Barcelona,SD Eibar,4:2,RW,75',3:2,Penalty,Not Applicable,Antonela Rocuzzo
LaLiga ,38,5/21/17,Home,FC Barcelona,SD Eibar,4:2,RW,90'+2,4:2,Right-footed shot,Not Applicable,Antonela Rocuzzo
Copa del Rey ,Final,5/27/17,Home,FC Barcelona,Deportivo Alavés,3:1,RW,30',1:0,Left-footed shot,Neymar,Antonela Rocuzzo
Supercopa ,final,8/13/17,Home,FC Barcelona,Real Madrid,1:3,RW,77',1:1,Penalty,Not Applicable,Antonela Rocuzzo
LaLiga ,2,8/26/17,Away,FC Barcelona,Deportivo Alavés,0:2,CF,55',0:1,Left-footed shot,Jordi Alba,Antonela Rocuzzo
LaLiga ,2,8/26/17,Away,FC Barcelona,Deportivo Alavés,0:2,CF,66',0:2,Left-footed shot,Paco Alcácer,Antonela Rocuzzo
LaLiga ,3,9/9/17,Home,FC Barcelona,RCD Espanyol Barcelona,5:0,CF,26',1:0,Left-footed shot,Ivan Rakitic,Antonela Rocuzzo
LaLiga ,3,9/9/17,Home,FC Barcelona,RCD Espanyol Barcelona,5:0,CF,35',2:0,Right-footed shot,Jordi Alba,Antonela Rocuzzo
LaLiga ,3,9/9/17,Home,FC Barcelona,RCD Espanyol Barcelona,5:0,CF,67',3:0,Left-footed shot,Jordi Alba,Antonela Rocuzzo
Champions League ,Group Stage,9/12/17,Home,FC Barcelona,Juventus FC,3:0,CF,45',1:0,Left-footed shot,Luis Suárez,Antonela Rocuzzo
Champions League ,Group Stage,9/12/17,Home,FC Barcelona,Juventus FC,3:0,CF,69',3:0,Left-footed shot,Not Applicable,Antonela Rocuzzo
LaLiga ,5,9/19/17,Home,FC Barcelona,SD Eibar,6:1,CF,21',1:0,Penalty,Not Applicable,Antonela Rocuzzo
LaLiga ,5,9/19/17,Home,FC Barcelona,SD Eibar,6:1,CF,59',4:1,Left-footed shot,Sergio Busquets,Antonela Rocuzzo
LaLiga ,5,9/19/17,Home,FC Barcelona,SD Eibar,6:1,CF,62',5:1,Left-footed shot,Paulinho,Antonela Rocuzzo
LaLiga ,5,9/19/17,Home,FC Barcelona,SD Eibar,6:1,CF,87',6:1,Left-footed shot,Aleix Vidal,Antonela Rocuzzo
LaLiga ,7,10/1/17,Home,FC Barcelona,UD Las Palmas,3:0,SS,70',2:0,Left-footed shot,Denis Suárez,Antonela Rocuzzo
LaLiga ,7,10/1/17,Home,FC Barcelona,UD Las Palmas,3:0,SS,77',3:0,Left-footed shot,Luis Suárez,Antonela Rocuzzo
Champions League ,Group Stage,10/18/17,Home,FC Barcelona,Olympiacos Piraeus,3:1,CF,61',2:0,Direct free kick,Not Applicable,Antonela Rocuzzo
LaLiga ,10,10/28/17,Away,FC Barcelona,Athletic Bilbao,0:2,SS,37',0:1,Left-footed shot,Jordi Alba,Antonela Rocuzzo
LaLiga ,14,12/2/17,Home,FC Barcelona,Celta de Vigo,2:2,SS,22',1:1,Left-footed shot,Paulinho,Antonela Rocuzzo
LaLiga ,15,12/10/17,Away,FC Barcelona,Villarreal CF,0:2,RW,83',0:2,Left-footed shot,Sergio Busquets,Antonela Rocuzzo
LaLiga ,17,12/23/17,Away,FC Barcelona,Real Madrid,0:3,SS,64',0:2,Penalty,Not Applicable,Antonela Rocuzzo
LaLiga ,18,1/7/18,Home,FC Barcelona,Levante UD,3:0,SS,12',1:0,Left-footed shot,Jordi Alba,Antonela Rocuzzo
Copa del Rey ,last 16,1/11/18,Home,FC Barcelona,Celta de Vigo,5:0,SS,13',1:0,Left-footed shot,Jordi Alba,Antonela Rocuzzo
Copa del Rey ,last 16,1/11/18,Home,FC Barcelona,Celta de Vigo,5:0,SS,15',2:0,Left-footed shot,Jordi Alba,Antonela Rocuzzo
LaLiga ,19,1/14/18,Away,FC Barcelona,Real Sociedad,2:4,SS,85',2:4,Direct free kick,Not Applicable,Antonela Rocuzzo
LaLiga ,20,1/21/18,Away,FC Barcelona,Real Betis Balompié,0:5,SS,64',0:2,Left-footed shot,Sergio Busquets,Antonela Rocuzzo
LaLiga ,20,1/21/18,Away,FC Barcelona,Real Betis Balompié,0:5,SS,80',0:4,Left-footed shot,Luis Suárez,Antonela Rocuzzo
Copa del Rey ,Quarter-Finals,1/25/18,Home,FC Barcelona,RCD Espanyol Barcelona,2:0,SS,25',2:0,Deflected shot on goal,Not Applicable,Antonela Rocuzzo
LaLiga ,21,1/28/18,Home,FC Barcelona,Deportivo Alavés,2:1,SS,84',2:1,Direct free kick,Not Applicable,Antonela Rocuzzo
Champions League ,last 16,2/20/18,Away,FC Barcelona,Chelsea FC,1:1,SS,75',1:1,Left-footed shot,Andrés Iniesta,Antonela Rocuzzo
LaLiga ,25,2/24/18,Home,FC Barcelona,Girona FC,6:1,SS,30',2:1,Left-footed shot,Luis Suárez,Antonela Rocuzzo
LaLiga ,25,2/24/18,Home,FC Barcelona,Girona FC,6:1,SS,36',3:1,Direct free kick,Not Applicable,Antonela Rocuzzo
LaLiga ,26,3/1/18,Away,FC Barcelona,UD Las Palmas,1:1,SS,21',0:1,Direct free kick,Not Applicable,Antonela Rocuzzo
LaLiga ,27,3/4/18,Home,FC Barcelona,Atlético de Madrid,1:0,SS,26',1:0,Direct free kick,Not Applicable,Antonela Rocuzzo
Champions League ,last 16,3/14/18,Home,FC Barcelona,Chelsea FC,3:0,SS,3',1:0,Right-footed shot,Luis Suárez,Antonela Rocuzzo
Champions League ,last 16,3/14/18,Home,FC Barcelona,Chelsea FC,3:0,SS,63',3:0,Left-footed shot,Luis Suárez,Antonela Rocuzzo
LaLiga ,29,3/18/18,Home,FC Barcelona,Athletic Bilbao,2:0,SS,30',2:0,Left-footed shot,Ousmane Dembélé,Antonela Rocuzzo
LaLiga ,30,3/31/18,Away,FC Barcelona,Sevilla FC,2:2,RW,89',2:2,Left-footed shot,Philippe Coutinho,Antonela Rocuzzo
LaLiga ,31,4/7/18,Home,FC Barcelona,CD Leganés,3:1,SS,27',1:0,Direct free kick,Not Applicable,Antonela Rocuzzo
LaLiga ,31,4/7/18,Home,FC Barcelona,CD Leganés,3:1,SS,32',2:0,Left-footed shot,Philippe Coutinho,Antonela Rocuzzo
LaLiga ,31,4/7/18,Home,FC Barcelona,CD Leganés,3:1,SS,87',3:1,Left-footed shot,Ousmane Dembélé,Antonela Rocuzzo
Copa del Rey ,Final,4/21/18,Away,FC Barcelona,Sevilla FC,0:5,SS,31',0:2,Left-footed shot,Jordi Alba,Antonela Rocuzzo
LaLiga ,35,4/29/18,Away,FC Barcelona,Deportivo de La Coruña,2:4,SS,38',0:2,Left-footed shot,Luis Suárez,Antonela Rocuzzo
LaLiga ,35,4/29/18,Away,FC Barcelona,Deportivo de La Coruña,2:4,SS,82',2:3,Right-footed shot,Luis Suárez,Antonela Rocuzzo
LaLiga ,35,4/29/18,Away,FC Barcelona,Deportivo de La Coruña,2:4,SS,85',2:4,Left-footed shot,Luis Suárez,Antonela Rocuzzo
LaLiga ,36,5/6/18,Home,FC Barcelona,Real Madrid,2:2,SS,52',2:1,Left-footed shot,Luis Suárez,Antonela Rocuzzo
LaLiga ,34,5/9/18,Home,FC Barcelona,Villarreal CF,5:1,CF,45',3:0,Left-footed shot,Andrés Iniesta,Antonela Rocuzzo
LaLiga ,1,8/18/18,Home,FC Barcelona,Deportivo Alavés,3:0,RW,64',1:0,Direct free kick,Not Applicable,Antonela Rocuzzo
LaLiga ,1,8/18/18,Home,FC Barcelona,Deportivo Alavés,3:0,RW,90'+2,3:0,Left-footed shot,Luis Suárez,Antonela Rocuzzo
LaLiga ,3,9/2/18,Home,FC Barcelona,SD Huesca,8:2,RW,16',1:1,Right-footed shot,Ivan Rakitic,Antonela Rocuzzo
LaLiga ,3,9/2/18,Home,FC Barcelona,SD Huesca,8:2,RW,61',6:2,Left-footed shot,Philippe Coutinho,Antonela Rocuzzo
Champions League ,Group Stage,9/18/18,Home,FC Barcelona,PSV Eindhoven,4:0,RW,31',1:0,Direct free kick,Not Applicable,Antonela Rocuzzo
Champions League ,Group Stage,9/18/18,Home,FC Barcelona,PSV Eindhoven,4:0,RW,77',3:0,Left-footed shot,Ivan Rakitic,Antonela Rocuzzo
Champions League ,Group Stage,9/18/18,Home,FC Barcelona,PSV Eindhoven,4:0,RW,87',4:0,Right-footed shot,Luis Suárez,Antonela Rocuzzo
LaLiga ,5,9/23/18,Home,FC Barcelona,Girona FC,2:2,RW,19',1:0,Left-footed shot,Arturo Vidal,Antonela Rocuzzo
Champions League ,Group Stage,10/3/18,Away,FC Barcelona,Tottenham Hotspur,2:4,RW,56',1:3,Left-footed shot,Jordi Alba,Antonela Rocuzzo
Champions League ,Group Stage,10/3/18,Away,FC Barcelona,Tottenham Hotspur,2:4,RW,90',2:4,Left-footed shot,Jordi Alba,Antonela Rocuzzo
LaLiga ,8,10/7/18,Away,FC Barcelona,Valencia CF,1:1,RW,23',1:1,Left-footed shot,Luis Suárez,Antonela Rocuzzo
LaLiga ,9,10/20/18,Home,FC Barcelona,Sevilla FC,4:2,RW,12',2:0,Left-footed shot,Luis Suárez,Antonela Rocuzzo
LaLiga ,12,11/11/18,Home,FC Barcelona,Real Betis Balompié,3:4,SS,68',1:2,Penalty,Not Applicable,Antonela Rocuzzo
LaLiga ,12,11/11/18,Home,FC Barcelona,Real Betis Balompié,3:4,SS,90'+4,3:4,Left-footed shot,Arturo Vidal,Antonela Rocuzzo
Champions League ,Group Stage,11/28/18,Away,FC Barcelona,PSV Eindhoven,1:2,CF,61',0:1,Left-footed shot,Ousmane Dembélé,Antonela Rocuzzo
LaLiga ,15,12/8/18,Away,FC Barcelona,RCD Espanyol Barcelona,0:4,RW,17',0:1,Direct free kick,Not Applicable,Antonela Rocuzzo
LaLiga ,15,12/8/18,Away,FC Barcelona,RCD Espanyol Barcelona,0:4,RW,65',0:4,Direct free kick,Not Applicable,Antonela Rocuzzo
LaLiga ,16,12/16/18,Away,FC Barcelona,Levante UD,0:5,SS,43',0:2,Right-footed shot,Sergio Busquets,Antonela Rocuzzo
LaLiga ,16,12/16/18,Away,FC Barcelona,Levante UD,0:5,SS,47',0:3,Left-footed shot,Not Applicable,Antonela Rocuzzo
LaLiga ,16,12/16/18,Away,FC Barcelona,Levante UD,0:5,SS,60',0:4,Left-footed shot,Arturo Vidal,Antonela Rocuzzo
LaLiga ,17,12/22/18,Home,FC Barcelona,Celta de Vigo,2:0,RW,45',2:0,Left-footed shot,Jordi Alba,Antonela Rocuzzo
LaLiga ,18,1/6/19,Away,FC Barcelona,Getafe CF,1:2,RW,20',0:1,Left-footed shot,Not Applicable,Antonela Rocuzzo
LaLiga ,19,1/13/19,Home,FC Barcelona,SD Eibar,3:0,RW,53',2:0,Left-footed shot,Luis Suárez,Antonela Rocuzzo
Copa del Rey ,last 16,1/17/19,Home,FC Barcelona,Levante UD,3:0,CF,54',3:0,Left-footed shot,Nélson Semedo,Antonela Rocuzzo
LaLiga ,20,1/20/19,Home,FC Barcelona,CD Leganés,3:1,SS,90'+2,3:1,Right-footed shot,Jordi Alba,Antonela Rocuzzo
LaLiga ,21,1/27/19,Away,FC Barcelona,Girona FC,0:2,RW,69',0:2,Left-footed shot,Jordi Alba,Antonela Rocuzzo
Copa del Rey ,Quarter-Finals,1/30/19,Home,FC Barcelona,Sevilla FC,6:1,RW,90'+2,6:1,Left-footed shot,Jordi Alba,Antonela Rocuzzo
LaLiga ,22,2/2/19,Home,FC Barcelona,Valencia CF,2:2,RW,39',1:2,Penalty,Not Applicable,Antonela Rocuzzo
LaLiga ,22,2/2/19,Home,FC Barcelona,Valencia CF,2:2,RW,64',2:2,Left-footed shot,Arturo Vidal,Antonela Rocuzzo
LaLiga ,24,2/16/19,Home,FC Barcelona,Real Valladolid CF,1:0,RW,43',1:0,Penalty,Not Applicable,Antonela Rocuzzo
LaLiga ,25,2/23/19,Away,FC Barcelona,Sevilla FC,2:4,RW,26',1:1,Left-footed shot,Ivan Rakitic,Antonela Rocuzzo
LaLiga ,25,2/23/19,Away,FC Barcelona,Sevilla FC,2:4,RW,67',2:2,Right-footed shot,Ousmane Dembélé,Antonela Rocuzzo
LaLiga ,25,2/23/19,Away,FC Barcelona,Sevilla FC,2:4,RW,85',2:3,Left-footed shot,Not Applicable,Antonela Rocuzzo
LaLiga ,27,3/9/19,Home,FC Barcelona,Rayo Vallecano,3:1,RW,51',2:1,Penalty,Not Applicable,Antonela Rocuzzo
Champions League ,last 16,3/13/19,Home,FC Barcelona,Olympique Lyon,5:1,RW,18',1:0,Penalty,Not Applicable,Antonela Rocuzzo
Champions League ,last 16,3/13/19,Home,FC Barcelona,Olympique Lyon,5:1,RW,78',3:1,Right-footed shot,Sergio Busquets,Antonela Rocuzzo
LaLiga ,28,3/17/19,Away,FC Barcelona,Real Betis Balompié,1:4,SS,18',0:1,Direct free kick,Not Applicable,Antonela Rocuzzo
LaLiga ,28,3/17/19,Away,FC Barcelona,Real Betis Balompié,1:4,SS,45'+2,0:2,Left-footed shot,Luis Suárez,Antonela Rocuzzo
LaLiga ,28,3/17/19,Away,FC Barcelona,Real Betis Balompié,1:4,SS,85',1:4,Left-footed shot,Ivan Rakitic,Antonela Rocuzzo
LaLiga ,29,3/30/19,Home,FC Barcelona,RCD Espanyol Barcelona,2:0,RW,71',1:0,Direct free kick,Not Applicable,Antonela Rocuzzo
LaLiga ,29,3/30/19,Home,FC Barcelona,RCD Espanyol Barcelona,2:0,RW,89',2:0,Left-footed shot,Malcom,Antonela Rocuzzo
LaLiga ,30,4/2/19,Away,FC Barcelona,Villarreal CF,4:4,RW,90',4:3,Direct free kick,Not Applicable,Antonela Rocuzzo
LaLiga ,31,4/6/19,Home,FC Barcelona,Atlético de Madrid,2:0,SS,87',2:0,Left-footed shot,Not Applicable,Antonela Rocuzzo
Champions League ,Quarter-Finals,4/16/19,Home,FC Barcelona,Manchester United,3:0,RW,16',1:0,Left-footed shot,Not Applicable,Antonela Rocuzzo
Champions League ,Quarter-Finals,4/16/19,Home,FC Barcelona,Manchester United,3:0,RW,20',2:0,Right-footed shot,Not Applicable,Antonela Rocuzzo
LaLiga ,35,4/27/19,Home,FC Barcelona,Levante UD,1:0,RW,62',1:0,Left-footed shot,Arturo Vidal,Antonela Rocuzzo
Champions League ,Semi-Finals,5/1/19,Home,FC Barcelona,Liverpool FC,3:0,RW,75',2:0,Left-footed shot,Luis Suárez,Antonela Rocuzzo
Champions League ,Semi-Finals,5/1/19,Home,FC Barcelona,Liverpool FC,3:0,RW,82',3:0,Direct free kick,Not Applicable,Antonela Rocuzzo
LaLiga ,38,5/19/19,Away,FC Barcelona,SD Eibar,2:2,CF,31',1:1,Left-footed shot,Arturo Vidal,Antonela Rocuzzo
LaLiga ,38,5/19/19,Away,FC Barcelona,SD Eibar,2:2,CF,32',1:2,Left-footed shot,Ivan Rakitic,Antonela Rocuzzo
Copa del Rey ,Final,5/25/19,Home,FC Barcelona,Valencia CF,1:2,CF,73',1:2,Left-footed shot,Clément Lenglet,Antonela Rocuzzo
LaLiga ,8,10/6/19,Home,FC Barcelona,Sevilla FC,4:0,RW,78',4:0,Direct free kick,Not Applicable,Antonela Rocuzzo
LaLiga ,9,10/19/19,Away,FC Barcelona,SD Eibar,0:3,RW,58',0:2,Left-footed shot,Antoine Griezmann,Antonela Rocuzzo
Champions League ,Group Stage,10/23/19,Away,FC Barcelona,SK Slavia Prague,1:2,RW,3',0:1,Left-footed shot,Arthur Melo,Antonela Rocuzzo
LaLiga ,11,10/29/19,Home,FC Barcelona,Real Valladolid CF,5:1,RW,34',3:1,Direct free kick,Not Applicable,Antonela Rocuzzo
LaLiga ,11,10/29/19,Home,FC Barcelona,Real Valladolid CF,5:1,RW,75',4:1,Left-footed shot,Ivan Rakitic,Antonela Rocuzzo
LaLiga ,12,11/2/19,Away,FC Barcelona,Levante UD,3:1,RW,38',0:1,Penalty,Not Applicable,Antonela Rocuzzo
LaLiga ,13,11/9/19,Home,FC Barcelona,Celta de Vigo,4:1,RW,23',1:0,Penalty,Not Applicable,Antonela Rocuzzo
LaLiga ,13,11/9/19,Home,FC Barcelona,Celta de Vigo,4:1,RW,45'+1,2:1,Direct free kick,Not Applicable,Antonela Rocuzzo
LaLiga ,13,11/9/19,Home,FC Barcelona,Celta de Vigo,4:1,RW,48',3:1,Direct free kick,Not Applicable,Antonela Rocuzzo
Champions League ,Group Stage,11/27/19,Home,FC Barcelona,Borussia Dortmund,3:1,RW,33',2:0,Left-footed shot,Luis Suárez,Antonela Rocuzzo
LaLiga ,15,12/1/19,Away,FC Barcelona,Atlético de Madrid,0:1,RW,86',0:1,Left-footed shot,Luis Suárez,Antonela Rocuzzo
LaLiga ,16,12/7/19,Home,FC Barcelona,RCD Mallorca,5:2,RW,17',2:0,Left-footed shot,Antoine Griezmann,Antonela Rocuzzo
LaLiga ,16,12/7/19,Home,FC Barcelona,RCD Mallorca,5:2,RW,41',3:1,Left-footed shot,Ivan Rakitic,Antonela Rocuzzo
LaLiga ,16,12/7/19,Home,FC Barcelona,RCD Mallorca,5:2,RW,83',5:2,Left-footed shot,Luis Suárez,Antonela Rocuzzo
LaLiga ,18,12/21/19,Home,FC Barcelona,Deportivo Alavés,4:1,RW,69',3:1,Left-footed shot,Luis Suárez,Antonela Rocuzzo
Supercopa ,Semi-Finals,1/9/20,Home,FC Barcelona,Atlético de Madrid,2:3,RW,51',1:1,Right-footed shot,Luis Suárez,Antonela Rocuzzo
LaLiga ,20,1/19/20,Home,FC Barcelona,Granada CF,1:0,CF,76',1:0,Right-footed shot,Arturo Vidal,Antonela Rocuzzo
Copa del Rey ,Round of 16,1/30/20,Home,FC Barcelona,CD Leganés,5:0,RW,59',3:0,Left-footed shot,Frenkie de Jong,Antonela Rocuzzo
Copa del Rey ,Round of 16,1/30/20,Home,FC Barcelona,CD Leganés,5:0,RW,89',5:0,Left-footed shot,Ivan Rakitic,Antonela Rocuzzo
LaLiga ,25,2/22/20,Home,FC Barcelona,SD Eibar,5:0,SS,14',1:0,Left-footed shot,Ivan Rakitic,Antonela Rocuzzo
LaLiga ,25,2/22/20,Home,FC Barcelona,SD Eibar,5:0,SS,37',2:0,Left-footed shot,Arturo Vidal,Antonela Rocuzzo
LaLiga ,25,2/22/20,Home,FC Barcelona,SD Eibar,5:0,SS,40',3:0,Left-footed shot,Not Applicable,Antonela Rocuzzo
LaLiga ,25,2/22/20,Home,FC Barcelona,SD Eibar,5:0,SS,87',4:0,Left-footed shot,Not Applicable,Antonela Rocuzzo
LaLiga ,27,3/7/20,Home,FC Barcelona,Real Sociedad,1:0,CF,81',1:0,Penalty,Not Applicable,Antonela Rocuzzo
LaLiga ,28,6/13/20,Away,FC Barcelona,RCD Mallorca,0:4,RW,90'+3,0:4,Right-footed shot,Luis Suárez,Antonela Rocuzzo
LaLiga ,29,6/16/20,Home,FC Barcelona,CD Leganés,2:0,RW,69',2:0,Penalty,Not Applicable,Antonela Rocuzzo
LaLiga ,33,6/30/20,Home,FC Barcelona,Atlético de Madrid,2:2,SS,50',2:1,Penalty,Not Applicable,Antonela Rocuzzo
LaLiga ,37,7/16/20,Home,FC Barcelona,CA Osasuna,1:2,RW,62',1:1,Direct free kick,Not Applicable,Antonela Rocuzzo
LaLiga ,38,7/19/20,Away,FC Barcelona,Deportivo Alavés,0:5,RW,34',0:2,Left-footed shot,Riqui Puig,Antonela Rocuzzo
LaLiga ,38,7/19/20,Away,FC Barcelona,Deportivo Alavés,0:5,RW,75',0:5,Left-footed shot,Jordi Alba,Antonela Rocuzzo
Champions League ,last 16,8/8/20,Home,FC Barcelona,SSC Napoli,3:1,SS,23',2:0,Left-footed shot,Not Applicable,Antonela Rocuzzo
LaLiga ,3,9/27/20,Home,FC Barcelona,Villarreal CF,4:0,CF,35',3:0,Penalty,Not Applicable,Antonela Rocuzzo
Champions League ,Group Stage,10/20/20,Home,FC Barcelona,Ferencvárosi TC,5:1,CF,27',1:0,Penalty,Not Applicable,Antonela Rocuzzo
Champions League ,Group Stage,10/28/20,Away,FC Barcelona,Juventus FC,0:2,CF,90'+1,0:2,Penalty,Not Applicable,Antonela Rocuzzo
Champions League ,Group Stage,11/4/20,Home,FC Barcelona,Dynamo Kyiv,2:1,RW,5',1:0,Penalty,Not Applicable,Antonela Rocuzzo
LaLiga ,9,11/7/20,Home,FC Barcelona,Real Betis Balompié,5:2,CF,61',3:1,Penalty,Not Applicable,Antonela Rocuzzo
LaLiga ,9,11/7/20,Home,FC Barcelona,Real Betis Balompié,5:2,CF,82',4:2,Left-footed shot,Sergi Roberto,Antonela Rocuzzo
LaLiga ,11,11/29/20,Home,FC Barcelona,CA Osasuna,4:0,RW,73',4:0,Left-footed shot,Francisco Trincão,Antonela Rocuzzo
LaLiga ,13,12/13/20,Home,FC Barcelona,Levante UD,1:0,CF,76',1:0,Left-footed shot,Frenkie de Jong,Antonela Rocuzzo
LaLiga ,14,12/19/20,Home,FC Barcelona,Valencia CF,2:2,CF,45'+4,1:1,Header,Not Applicable,Antonela Rocuzzo
LaLiga ,15,12/22/20,Away,FC Barcelona,Real Valladolid CF,0:3,AM,65',0:3,Left-footed shot,Pedri,Antonela Rocuzzo
LaLiga ,2,1/6/21,Away,FC Barcelona,Athletic Bilbao,2:3,CF,38',1:2,Left-footed shot,Pedri,Antonela Rocuzzo
LaLiga ,2,1/6/21,Away,FC Barcelona,Athletic Bilbao,2:3,CF,62',1:3,Left-footed shot,Antoine Griezmann,Antonela Rocuzzo
LaLiga ,18,1/9/21,Away,FC Barcelona,Granada CF,0:4,CF,35',0:2,Left-footed shot,Antoine Griezmann,Antonela Rocuzzo
LaLiga ,18,1/9/21,Away,FC Barcelona,Granada CF,0:4,CF,42',0:3,Direct free kick,Not Applicable,Antonela Rocuzzo
Copa del Rey ,Round of 16,1/27/21,Away,FC Barcelona,Rayo Vallecano,1:2,CF,69',1:1,Left-footed shot,Antoine Griezmann,Antonela Rocuzzo
LaLiga ,21,1/31/21,Home,FC Barcelona,Athletic Bilbao,2:1,CF,20',1:0,Direct free kick,Not Applicable,Antonela Rocuzzo
LaLiga ,22,2/7/21,Away,FC Barcelona,Real Betis Balompié,2:3,CF,59',1:1,Left-footed shot,Ousmane Dembélé,Antonela Rocuzzo
LaLiga ,23,2/13/21,Home,FC Barcelona,Deportivo Alavés,5:1,CF,45'+1,2:0,Left-footed shot,Sergio Busquets,Antonela Rocuzzo
LaLiga ,23,2/13/21,Home,FC Barcelona,Deportivo Alavés,5:1,CF,75',4:1,Left-footed shot,Antoine Griezmann,Antonela Rocuzzo
Champions League ,last 16,2/16/21,Home,FC Barcelona,Paris Saint-Germain,1:4,CF,27',1:0,Penalty,Not Applicable,Antonela Rocuzzo
LaLiga ,24,2/21/21,Home,FC Barcelona,Cádiz CF,1:1,CF,32',1:0,Penalty,Not Applicable,Antonela Rocuzzo
LaLiga ,1,2/24/21,Home,FC Barcelona,Elche CF,3:0,CF,48',1:0,Left-footed shot,Martin Braithwaite,Antonela Rocuzzo
LaLiga ,1,2/24/21,Home,FC Barcelona,Elche CF,3:0,CF,68',2:0,Left-footed shot,Frenkie de Jong,Antonela Rocuzzo
LaLiga ,25,2/27/21,Away,FC Barcelona,Sevilla FC,0:2,CF,85',0:2,Right-footed shot,Ilaix Moriba,Antonela Rocuzzo
Champions League ,last 16,3/10/21,Away,FC Barcelona,Paris Saint-Germain,1:1,SS,37',1:1,Long distance kick,Pedri,Antonela Rocuzzo
LaLiga ,27,3/15/21,Home,FC Barcelona,SD Huesca,4:1,AM,13',1:0,Left-footed shot,Sergio Busquets,Antonela Rocuzzo
LaLiga ,27,3/15/21,Home,FC Barcelona,SD Huesca,4:1,AM,90',4:1,Left-footed shot,Francisco Trincão,Antonela Rocuzzo
LaLiga ,28,3/21/21,Away,FC Barcelona,Real Sociedad,1:6,AM,56',0:4,Left-footed shot,Sergio Busquets,Antonela Rocuzzo
LaLiga ,28,3/21/21,Away,FC Barcelona,Real Sociedad,1:6,AM,89',1:6,Left-footed shot,Jordi Alba,Antonela Rocuzzo
Copa del Rey ,Final,4/17/21,Away,FC Barcelona,Athletic Bilbao,0:4,CF,68',0:3,Left-footed shot,Frenkie de Jong,Antonela Rocuzzo
Copa del Rey ,Final,4/17/21,Away,FC Barcelona,Athletic Bilbao,0:4,CF,72',0:4,Left-footed shot,Jordi Alba,Antonela Rocuzzo
LaLiga ,31,4/22/21,Home,FC Barcelona,Getafe CF,5:2,CF,8',1:0,Left-footed shot,Sergio Busquets,Antonela Rocuzzo
LaLiga ,31,4/22/21,Home,FC Barcelona,Getafe CF,5:2,CF,33',3:1,Left-footed shot,Not Applicable,Antonela Rocuzzo
LaLiga ,33,4/29/21,Home,FC Barcelona,Granada CF,1:2,CF,23',1:0,Left-footed shot,Antoine Griezmann,Antonela Rocuzzo
LaLiga ,34,5/2/21,Away,FC Barcelona,Valencia CF,2:3,CF,57',1:1,Left-footed shot,Not Applicable,Antonela Rocuzzo
LaLiga ,34,5/2/21,Away,FC Barcelona,Valencia CF,2:3,CF,69',1:3,Direct free kick,Not Applicable,Antonela Rocuzzo
LaLiga ,36,5/11/21,Away,FC Barcelona,Levante UD,3:3,SS,25',0:1,Left-footed shot,Not Applicable,Antonela Rocuzzo
LaLiga ,37,5/16/21,Home,FC Barcelona,Celta de Vigo,1:2,SS,28',1:0,Header,Sergio Busquets,Antonela Rocuzzo
Champions League ,Group Stage,9/28/21,Home,Paris Saint-Germain,Manchester City,2:0,RW,74',2:0,Left-footed shot,Kylian Mbappé,Antonela Rocuzzo
Champions League ,Group Stage,10/19/21,Home,Paris Saint-Germain,RB Leipzig,3:2,RW,67',2:2,Left-footed shot,Kylian Mbappé,Antonela Rocuzzo
Champions League ,Group Stage,10/19/21,Home,Paris Saint-Germain,RB Leipzig,3:2,RW,74',3:2,Penalty,Not Applicable,Antonela Rocuzzo
Ligue 1 ,14,11/20/21,Home,Paris Saint-Germain,FC Nantes,3:1,RW,87',3:1,Left-footed shot,Kylian Mbappé,Antonela Rocuzzo
Champions League ,Group Stage,12/7/21,Home,Paris Saint-Germain,Club Brugge KV,4:1,CF,38',3:0,Left-footed shot,Kylian Mbappé,Antonela Rocuzzo
Champions League ,Group Stage,12/7/21,Home,Paris Saint-Germain,Club Brugge KV,4:1,CF,76',4:1,Penalty,Not Applicable,Antonela Rocuzzo
Ligue 1 ,23,2/6/22,Away,Paris Saint-Germain,LOSC Lille,1:5,CF,38',1:3,Left-footed shot,Not Applicable,Antonela Rocuzzo
Ligue 1 ,30,4/3/22,Home,Paris Saint-Germain,FC Lorient,5:1,RW,73',4:1,Left-footed shot,Kylian Mbappé,Antonela Rocuzzo
Ligue 1 ,34,4/23/22,Home,Paris Saint-Germain,RC Lens,1:1,RW,68',1:0,Left-footed shot,Neymar,Antonela Rocuzzo
Ligue 1 ,37,5/14/22,Away,Paris Saint-Germain,Montpellier HSC,0:4,CF,6',0:1,Left-footed shot,Kylian Mbappé,Antonela Rocuzzo
Ligue 1 ,37,5/14/22,Away,Paris Saint-Germain,Montpellier HSC,0:4,CF,20',0:2,Left-footed shot,Kylian Mbappé,Antonela Rocuzzo
Trophée des Champions ,Final,7/31/22,Home,Paris Saint-Germain,FC Nantes,4:0,CF,22',1:0,Right-footed shot,Not Applicable,Antonela Rocuzzo
Ligue 1 ,1,8/6/22,Away,Paris Saint-Germain,Clermont Foot 63,0:5,CF,80',0:4,Left-footed shot,Neymar,Antonela Rocuzzo
Ligue 1 ,1,8/6/22,Away,Paris Saint-Germain,Clermont Foot 63,0:5,CF,86',0:5,Left-footed shot,Leandro Paredes,Antonela Rocuzzo
Ligue 1 ,3,8/21/22,Away,Paris Saint-Germain,LOSC Lille,1:7,AM,27',0:2,Right-footed shot,Nuno Mendes,Antonela Rocuzzo
Champions League ,Group Stage,9/14/22,Away,Paris Saint-Germain,Maccabi Haifa,1:3,SS,37',1:1,Left-footed shot,Not Applicable,Antonela Rocuzzo
Ligue 1 ,8,9/18/22,Away,Paris Saint-Germain,Olympique Lyon,0:1,AM,5',0:1,Left-footed shot,Neymar,Antonela Rocuzzo
Ligue 1 ,9,10/1/22,Home,Paris Saint-Germain,OGC Nice,2:1,AM,28',1:0,Direct free kick,Not Applicable,Antonela Rocuzzo
Ligue 1 ,30,4/3/22,Home,Paris Saint-Germain,FC Lorient,5:1,RW,73',4:1,Left-footed shot,Kylian Mbappé,Antonela Rocuzzo
Ligue 1 ,34,4/23/22,Home,Paris Saint-Germain,RC Lens,1:1,RW,68',1:0,Left-footed shot,Neymar,Antonela Rocuzzo
Ligue 1 ,37,5/14/22,Away,Paris Saint-Germain,Montpellier HSC,0:4,CF,6',0:1,Left-footed shot,Kylian Mbappé,Antonela Rocuzzo
Ligue 1 ,37,5/14/22,Away,Paris Saint-Germain,Montpellier HSC,0:4,CF,20',0:2,Left-footed shot,Kylian Mbappé,Antonela Rocuzzo
Trophée des Champions ,Final,7/31/22,Home,Paris Saint-Germain,FC Nantes,4:0,CF,22',1:0,Right-footed shot,Not Applicable,Antonela Rocuzzo
Ligue 1 ,1,8/6/22,Away,Paris Saint-Germain,Clermont Foot 63,0:5,CF,80',0:4,Left-footed shot,Neymar,Antonela Rocuzzo
Ligue 1 ,1,8/6/22,Away,Paris Saint-Germain,Clermont Foot 63,0:5,CF,86',0:5,Left-footed shot,Leandro Paredes,Antonela Rocuzzo
Ligue 1 ,3,8/21/22,Away,Paris Saint-Germain,LOSC Lille,1:7,AM,27',0:2,Right-footed shot,Nuno Mendes,Antonela Rocuzzo
Champions League ,Group Stage,9/14/22,Away,Paris Saint-Germain,Maccabi Haifa,1:3,SS,37',1:1,Left-footed shot,Not Applicable,Antonela Rocuzzo
Ligue 1 ,8,9/18/22,Away,Paris Saint-Germain,Olympique Lyon,0:1,AM,5',0:1,Left-footed shot,Neymar,Antonela Rocuzzo
Ligue 1 ,9,10/1/22,Home,Paris Saint-Germain,OGC Nice,2:1,AM,28',1:0,Direct free kick,Not Applicable,Antonela Rocuzzo
Ligue 1 ,30,4/3/22,Home,Paris Saint-Germain,FC Lorient,5:1,RW,73',4:1,Left-footed shot,Kylian Mbappé,Antonela Rocuzzo
Ligue 1 ,34,4/23/22,Home,Paris Saint-Germain,RC Lens,1:1,RW,68',1:0,Left-footed shot,Neymar,Antonela Rocuzzo
Ligue 1 ,37,5/14/22,Away,Paris Saint-Germain,Montpellier HSC,0:4,CF,6',0:1,Left-footed shot,Kylian Mbappé,Antonela Rocuzzo
Ligue 1 ,37,5/14/22,Away,Paris Saint-Germain,Montpellier HSC,0:4,CF,20',0:2,Left-footed shot,Kylian Mbappé,Antonela Rocuzzo
Trophée des Champions ,Final,7/31/22,Home,Paris Saint-Germain,FC Nantes,4:0,CF,22',1:0,Right-footed shot,Not Applicable,Antonela Rocuzzo
Ligue 1 ,1,8/6/22,Away,Paris Saint-Germain,Clermont Foot 63,0:5,CF,80',0:4,Left-footed shot,Neymar,Antonela Rocuzzo
Ligue 1 ,1,8/6/22,Away,Paris Saint-Germain,Clermont Foot 63,0:5,CF,86',0:5,Left-footed shot,Leandro Paredes,Antonela Rocuzzo
Ligue 1 ,3,8/21/22,Away,Paris Saint-Germain,LOSC Lille,1:7,AM,27',0:2,Right-footed shot,Nuno Mendes,Antonela Rocuzzo
Champions League ,Group Stage,9/14/22,Away,Paris Saint-Germain,Maccabi Haifa,1:3,SS,37',1:1,Left-footed shot,Not Applicable,Antonela Rocuzzo
Ligue 1 ,8,9/18/22,Away,Paris Saint-Germain,Olympique Lyon,0:1,AM,5',0:1,Left-footed shot,Neymar,Antonela Rocuzzo
Ligue 1 ,9,10/1/22,Home,Paris Saint-Germain,OGC Nice,2:1,AM,28',1:0,Direct free kick,Not Applicable,Antonela Rocuzzo
,,,,,,,,,,,,
,,,,,,,,,,,,
,,,,,,,,,,,,
,,,,,,,,,,,,
,,,,,,,,,,,,
,,,,,,,,,,,,
,,,,,,,,,,,,
,,,,,,,,,,,,
,,,,,,,,,,,,
,,,,,,,,,,,,
,,,,,,,,,,,,
,,,,,,,,,,,,
,,,,,,,,,,,,
,,,,,,,,,,,,
,,,,,,,,,,,,
,,,,,,,,,,,,
,,,,,,,,,,,,
,,,,,,,,,,,,
,,,,,,,,,,,,
,,,,,,,,,,,,
,,,,,,,,,,,,
,,,,,,,,,,,,
,,,,,,,,,,,,
,,,,,,,,,,,,
,,,,,,,,,,,,
,,,,,,,,,,,,
,,,,,,,,,,,,
,,,,,,,,,,,,
,,,,,,,,,,,,
,,,,,,,,,,,,
,,,,,,,,,,,,
,,,,,,,,,,,,
,,,,,,,,,,,,
,,,,,,,,,,,,
,,,,,,,,,,,,
,,,,,,,,,,,,
