Tournament;Matchday;Date;Venue;Club;Opponent;Result;Position;Minute;When Scored;Goal Type;Assist;Pareja
LaLiga ;34;5/1/05;Home;FC Barcelona;Albacete Balompié;02:00:00;CF;90'+1;02:00:00;Left-footed shot;Ronaldinho Gaúcho;Antonela Rocuzzo
Champions League ;Group Stage;11/2/05;Home;FC Barcelona;Panathinaikos Athens;05:00:00;RW;34';03:00:00;Left-footed shot;Not Applicable;Antonela Rocuzzo
LaLiga ;13;11/27/05;Home;FC Barcelona;Racing Santander;04:01:00;RW;51';02:00:00;Left-footed shot;Samuel Eto'o;Antonela Rocuzzo
LaLiga ;19;1/15/06;Home;FC Barcelona;Athletic Bilbao;02:01:00;RW;50';02:01:00;Left-footed shot;Mark van Bommel;Antonela Rocuzzo
LaLiga ;20;1/22/06;Home;FC Barcelona;Deportivo Alavés;02:00:00;CF;82';02:00:00;Left-footed shot;Ronaldinho Gaúcho;Antonela Rocuzzo
LaLiga ;21;1/29/06;Away;FC Barcelona;RCD Mallorca;00:03:00;CF;75';00:02:00;Right-footed shot;Sylvinho;Antonela Rocuzzo
LaLiga ;21;1/29/06;Away;FC Barcelona;RCD Mallorca;00:03:00;CF;83';00:03:00;Left-footed shot;Ronaldinho Gaúcho;Antonela Rocuzzo
Copa del Rey ;Quarter-Finals;2/1/06;Home;FC Barcelona;Real Zaragoza;02:01:00;CF;42';01:00:00;Header;Ludovic Giuly;Antonela Rocuzzo
LaLiga ;24;2/18/06;Home;FC Barcelona;Real Betis Balompié;05:01:00;RW;84';05:01:00;Left-footed shot;Not Applicable;Antonela Rocuzzo
LaLiga ;1;8/28/06;Away;FC Barcelona;Celta de Vigo;02:03:00;LW;59';01:02:00;Left-footed shot;Andrés Iniesta;Antonela Rocuzzo
LaLiga ;2;9/9/06;Home;FC Barcelona;CA Osasuna;03:00:00;RW;36';03:00:00;Left-footed shot;Samuel Eto'o;Antonela Rocuzzo
Champions Legue ;Group Stage;9/27/06;Away;FC Barcelona;SV Werder Bremen;01:01:00;RW;89';01:01:00;Left-footed shot;Deco;Antonela Rocuzzo
LaLiga ;6;10/15/06;Home;FC Barcelona;Sevilla FC;03:01:00;RW;80';03:01:00;Right-footed shot;Xavi;Antonela Rocuzzo
LaLiga ;26;3/10/07;Home;FC Barcelona;Real Madrid;03:03:00;RW;11';01:01:00;Left-footed shot;Samuel Eto'o;Antonela Rocuzzo
LaLiga ;26;3/10/07;Home;FC Barcelona;Real Madrid;03:03:00;RW;28';02:02:00;Left-footed shot;Not Applicable;Antonela Rocuzzo
LaLiga ;26;3/10/07;Home;FC Barcelona;Real Madrid;03:03:00;RW;90'+1;03:03:00;Left-footed shot;Ronaldinho Gaúcho;Antonela Rocuzzo
LaLiga ;27;3/17/07;Away;FC Barcelona;Recreativo Huelva;00:04:00;RW;86';00:04:00;Left-footed shot;Not Applicable;Antonela Rocuzzo
LaLiga ;28;3/31/07;Home;FC Barcelona;Deportivo de La Coruña;02:01:00;RW;45';01:00:00;Left-footed shot;Ronaldinho Gaúcho;Antonela Rocuzzo
Copa del Rey ;Semi-Finals;4/18/07;Home;FC Barcelona;Getafe CF;05:02:00;RW;29';02:00:00;Solo run;Xavi;Antonela Rocuzzo
Copa del Rey ;Semi-Finals;4/18/07;Home;FC Barcelona;Getafe CF;05:02:00;RW;45';03:00:00;Left-footed shot;Deco;Antonela Rocuzzo
LaLiga ;35;5/20/07;Away;FC Barcelona;Atlético de Madrid;00:06:00;RW;39';00:01:00;Left-footed shot;Samuel Eto'o;Antonela Rocuzzo
LaLiga ;35;5/20/07;Away;FC Barcelona;Atlético de Madrid;00:06:00;RW;80';00:05:00;Left-footed shot;Giovanni van Bronckhorst;Antonela Rocuzzo
LaLiga ;37;6/9/07;Home;FC Barcelona;RCD Espanyol Barcelona;02:02:00;RW;43';01:01:00;Not Applicable;Gianluca Zambrotta;Antonela Rocuzzo
LaLiga ;37;6/9/07;Home;FC Barcelona;RCD Espanyol Barcelona;02:02:00;RW;57';02:01:00;Right-footed shot;Deco;Antonela Rocuzzo
LaLiga ;38;6/17/07;Away;FC Barcelona;Gimnàstic de Tarragona;01:05:00;RW;34';00:02:00;Left-footed shot;Deco;Antonela Rocuzzo
LaLiga ;38;6/17/07;Away;FC Barcelona;Gimnàstic de Tarragona;01:05:00;RW;51';00:04:00;Left-footed shot;Deco;Antonela Rocuzzo
Champions League ;Group Stage;9/19/07;Home;FC Barcelona;Olympique Lyon;03:00:00;RW;82';02:00:00;Left-footed shot;Andrés Iniesta;Antonela Rocuzzo
LaLiga ;4;9/22/07;Home;FC Barcelona;Sevilla FC;02:01:00;RW;72';01:00:00;Left-footed shot;Thierry Henry;Antonela Rocuzzo
LaLiga ;4;9/22/07;Home;FC Barcelona;Sevilla FC;02:01:00;RW;79';02:00:00;Penalty;Not Applicable;Antonela Rocuzzo
LaLiga ;5;9/26/07;Home;FC Barcelona;Real Zaragoza;04:01:00;RW;5';01:00:00;Left-footed shot;Thierry Henry;Antonela Rocuzzo
LaLiga ;5;9/26/07;Home;;Real Zaragoza;04:01:00;RW;10';02:01:00;Left-footed shot;Deco;Antonela Rocuzzo
LaLiga ;6;9/29/07;Away;FC Barcelona;Levante UD;01:04:00;RW;50';00:04:00;Left-footed shot;Deco;Antonela Rocuzzo
Champions Legue ;Group Stage;10/2/07;Away;FC Barcelona;VfB Stuttgart;00:02:00;RW;66';00:02:00;Deflected shot on goal;Thierry Henry;Antonela Rocuzzo
LaLiga ;7;10/7/07;Home;FC Barcelona;Atlético de Madrid;03:00:00;RW;19';02:00:00;Left-footed shot;Ronaldinho Gaúcho;Antonela Rocuzzo
LaLiga ;9;10/28/07;Home;FC Barcelona;UD Almería;02:00:00;RW;80';02:00:00;Penalty;Not Applicable;Antonela Rocuzzo
Champions Legue ;Group Stage;11/7/07;Home;FC Barcelona;Rangers FC;02:00:00;RW;41';02:00:00;Tap-in;Ronaldinho Gaúcho;Antonela Rocuzzo
LaLiga ;13;11/24/07;Home;FC Barcelona;Recreativo Huelva;03:00:00;RW;81';03:00:00;Penalty;Not Applicable;Antonela Rocuzzo
Champions League ;Group Stage;11/27/07;Away;FC Barcelona;Olympique Lyon;02:02:00;RW;58';01:02:00;Penalty;Not Applicable;Antonela Rocuzzo
Champions League ;last 16;2/20/08;Away;FC Barcelona;Celtic FC;02:03:00;RW;18';01:01:00;Left-footed shot;Deco;Antonela Rocuzzo
Champions League ;last 16;2/20/08;Away;FC Barcelona;Celtic FC;02:03:00;RW;79';02:03:00;Left-footed shot;Not Applicable;Antonela Rocuzzo
LaLiga ;25;2/24/08;Home;FC Barcelona;Levante UD;05:01:00;RW;44';02:01:00;Left-footed shot;Xavi;Antonela Rocuzzo
LaLiga ;35;5/4/08;Home;FC Barcelona;Valencia CF;06:00:00;RW;5';01:00:00;Penalty;Not Applicable;Antonela Rocuzzo
LaLiga ;2;9/13/08;Home;FC Barcelona;Racing Santander;01:01:00;RW;70';01:00:00;Penalty;Not Applicable;Antonela Rocuzzo
LaLiga ;3;9/21/08;Away;FC Barcelona;Sporting Gijón;01:06:00;RW;85';01:05:00;Left-footed shot;Andrés Iniesta;Antonela Rocuzzo
LaLiga ;3;9/21/08;Away;FC Barcelona;Sporting Gijón;01:06:00;RW;89';01:06:00;Header;Xavi;Antonela Rocuzzo
LaLiga ;5;9/27/08;Away;FC Barcelona;RCD Espanyol Barcelona;01:02:00;RW;90';01:02:00;Penalty;Not Applicable;Antonela Rocuzzo
Champions League ;Group Stage;10/1/08;Away;FC Barcelona;Shakhtar Donetsk;01:02:00;RW;87';01:01:00;Right-footed shot;Bojan Krkic;Antonela Rocuzzo
Champions League ;Group Stage;10/1/08;Away;FC Barcelona;Shakhtar Donetsk;01:02:00;RW;90'+2;01:02:00;Left-footed shot;Xavi;Antonela Rocuzzo
LaLiga ;6;10/4/08;Home;;Atlético de Madrid;06:01:00;RW;8';03:00:00;Direct free kick;Not Applicable;Antonela Rocuzzo
Champions League ;Group Stage;10/22/08;Away;FC Barcelona;FC Basel 1893;00:05:00;CF;4';00:01:00;Left-footed shot;Dani Alves;Antonela Rocuzzo
LaLiga ;9;11/1/08;Away;FC Barcelona;Málaga CF;01:04:00;RW;19';01:02:00;Left-footed shot;Not Applicable;Antonela Rocuzzo
Champions League ;Group Stage;11/4/08;Home;FC Barcelona;FC Basel 1893;01:01:00;RW;61';01:00:00;Left-footed shot;Thierry Henry;Antonela Rocuzzo
Copa del Rey ;4th round;11/12/08;Home;FC Barcelona;Benidorm CD;01:00:00;RW;86';01:00:00;Penalty rebound;Not Applicable;Antonela Rocuzzo
LaLiga ;11;11/16/08;Away;FC Barcelona;Recreativo Huelva;00:02:00;RW;51';00:01:00;Left-footed shot;Xavi;Antonela Rocuzzo
Champions League ;Group Stage;11/26/08;Away;FC Barcelona;Sporting CP;02:05:00;RW;49';00:03:00;Left-footed shot;Dani Alves;Antonela Rocuzzo
LaLiga ;13;11/29/08;Away;FC Barcelona;Sevilla FC;00:03:00;RW;78';00:02:00;Left-footed shot;Xavi;Antonela Rocuzzo
LaLiga ;13;11/29/08;Away;FC Barcelona;Sevilla FC;00:03:00;RW;90'+2;00:03:00;Left-footed shot;Aleksandr Hleb;Antonela Rocuzzo
LaLiga ;15;12/13/08;Home;FC Barcelona;Real Madrid;02:00:00;RW;89';02:00:00;Counter attack goal;Thierry Henry;Antonela Rocuzzo
Copa del Rey ;last 16;1/6/09;Away;FC Barcelona;Atlético de Madrid;01:03:00;RW;11';00:01:00;Left-footed shot;Dani Alves;Antonela Rocuzzo
Copa del Rey ;last 16;1/6/09;Away;FC Barcelona;Atlético de Madrid;01:03:00;RW;57';00:02:00;Penalty;Not Applicable;Antonela Rocuzzo
Copa del Rey ;last 16;1/6/09;Away;FC Barcelona;Atlético de Madrid;01:03:00;RW;79';01:03:00;Right-footed shot;Andrés Iniesta;Antonela Rocuzzo
LaLiga ;18;1/11/09;Away;;CA Osasuna;02:03:00;RW;84';02:03:00;Left-footed shot;Dani Alves;Antonela Rocuzzo
LaLiga ;19;1/17/09;Home;FC Barcelona;Deportivo de La Coruña;05:00:00;RW;21';01:00:00;Left-footed shot;Not Applicable;Antonela Rocuzzo
LaLiga ;20;1/24/09;Home;FC Barcelona;CD Numancia;04:01:00;RW;49';01:00:00;Left-footed shot;Dani Alves;Antonela Rocuzzo
LaLiga ;20;1/24/09;Home;FC Barcelona;CD Numancia;04:01:00;RW;76';04:01:00;Right-footed shot;Not Applicable;Antonela Rocuzzo
LaLiga ;21;2/1/09;Away;FC Barcelona;Racing Santander;01:02:00;RW;65';01:01:00;Right-footed shot;Xavi;Antonela Rocuzzo
LaLiga ;21;2/1/09;Away;FC Barcelona;Racing Santander;01:02:00;RW;81';01:02:00;Right-footed shot;Not Applicable;Antonela Rocuzzo
LaLiga ;25;3/1/09;Away;FC Barcelona;Atlético de Madrid;04:03:00;RW;30';00:02:00;Left-footed shot;Not Applicable;Antonela Rocuzzo
Copa del Rey ;Semi-Finals;3/4/09;Away;FC Barcelona;RCD Mallorca;01:01:00;RW;81';01:01:00;Left-footed shot;Gerard Piqué;Antonela Rocuzzo
LaLiga ;26;3/7/09;Home;FC Barcelona;Athletic Bilbao;02:00:00;RW;31';02:00:00;Penalty;Not Applicable;Antonela Rocuzzo
Champions League ;last 16;3/11/09;Home;FC Barcelona;Olympique Lyon;05:02:00;RW;40';03:00:00;Left-footed shot;Samuel Eto'o;Antonela Rocuzzo
LaLiga ;28;3/22/09;Home;FC Barcelona;Málaga CF;06:00:00;RW;26';02:00:00;Right-footed shot;Xavi;Antonela Rocuzzo
Champions League ;Quarter-Finals;4/8/09;Home;FC Barcelona;Bayern Munich;04:00:00;RW;9';01:00:00;Left-footed shot;Samuel Eto'o;Antonela Rocuzzo
Champions League ;Quarter-Finals;4/8/09;Home;FC Barcelona;Bayern Munich;04:00:00;RW;38';03:00:00;Right-footed shot;Thierry Henry;Antonela Rocuzzo
LaLiga ;31;4/18/09;Away;FC Barcelona;Getafe CF;00:01:00;RW;18';00:01:00;Left-footed shot;Xavi;Antonela Rocuzzo
LaLiga ;33;4/25/09;Away;FC Barcelona;Valencia CF;02:02:00;RW;23';00:01:00;Left-footed shot;Andrés Iniesta;Antonela Rocuzzo
LaLiga ;34;5/2/09;Away;FC Barcelona;Real Madrid;02:06:00;CF;35';01:03:00;Left-footed shot;Xavi;Antonela Rocuzzo
LaLiga ;34;5/2/09;Away;FC Barcelona;Real Madrid;02:06:00;CF;75';02:05:00;Left-footed shot;Xavi;Antonela Rocuzzo
Copa del Rey ;Final;5/13/09;Home;FC Barcelona;Athletic Bilbao;04:01:00;RW;55';02:01:00;Left-footed shot;Samuel Eto'o;Antonela Rocuzzo
Champions League ;Final;5/27/09;Home;FC Barcelona;Manchester United;02:00:00;CF;70';02:00:00;Header;Xavi;Antonela Rocuzzo
Supercopa ;final;8/23/09;Home;FC Barcelona;Athletic Bilbao;03:00:00;RW;50';01:00:00;Right-footed shot;Zlatan Ibrahimovi?;Antonela Rocuzzo
Supercopa ;final;8/23/09;Home;FC Barcelona;Athletic Bilbao;03:00:00;RW;68';02:00:00;Penalty;Not Applicable;Antonela Rocuzzo
LaLiga ;2;9/12/09;Away;FC Barcelona;Getafe CF;00:02:00;RW;78';00:02:00;Header;Zlatan Ibrahimovi?;Antonela Rocuzzo
LaLiga ;3;9/19/09;Home;FC Barcelona;Atlético de Madrid;05:02:00;RW;15';02:00:00;Left-footed shot;Xavi;Antonela Rocuzzo
LaLiga ;3;9/19/09;Home;FC Barcelona;Atlético de Madrid;05:02:00;RW;90'+3;05:02:00;Right-footed shot;Dani Alves;Antonela Rocuzzo
LaLiga ;4;9/22/09;Away;;Racing Santander;01:04:00;RW;23';00:02:00;Left-footed shot;Xavi;Antonela Rocuzzo
LaLiga ;4;9/22/09;Away;FC Barcelona;Racing Santander;01:04:00;RW;63';00:04:00;Left-footed shot;Xavi;Antonela Rocuzzo
Champions League ;Group Stage;9/29/09;Home;FC Barcelona;Dynamo Kyiv;02:00:00;RW;25';01:00:00;Left-footed shot;Andrés Iniesta;Antonela Rocuzzo
LaLiga ;8;10/25/09;Home;FC Barcelona;Real Zaragoza;06:01:00;RW;80';05:01:00;Left-footed shot;Andrés Iniesta;Antonela Rocuzzo
LaLiga ;10;11/7/09;Home;FC Barcelona;RCD Mallorca;04:02:00;RW;86';04:01:00;Penalty;Not Applicable;Antonela Rocuzzo
Copa del Rey ;4th round;11/10/09;Home;FC Barcelona;Cultural Leonesa;05:00:00;RW;64';04:00:00;Left-footed shot;Pedro;Antonela Rocuzzo
LaLiga ;13;12/5/09;Away;FC Barcelona;Deportivo de La Coruña;01:03:00;RW;26';00:01:00;Left-footed shot;Dani Alves;Antonela Rocuzzo
LaLiga ;13;12/5/09;Away;FC Barcelona;Deportivo de La Coruña;01:03:00;RW;80';01:02:00;Header;Pedro;Antonela Rocuzzo
Champions League ;Group Stage;12/9/09;Away;FC Barcelona;Dynamo Kyiv;01:02:00;RW;86';01:02:00;Direct free kick;Not Applicable;Antonela Rocuzzo
Club World Cup ;Semi-Finals;12/16/09;Away;FC Barcelona;CF Atlante;01:03:00;RW;55';01:02:00;Left-footed shot;Zlatan Ibrahimovi?;Antonela Rocuzzo
Club World Cup ;Final;12/19/09;Away;FC Barcelona;Club Estudiantes de La Plata;01:02:00;RW;110';01:02:00;Chest;Dani Alves;Antonela Rocuzzo
LaLiga ;17;1/10/10;Away;FC Barcelona;CD Tenerife;00:05:00;RW;36';00:01:00;Left-footed shot;Bojan Krkic;Antonela Rocuzzo
LaLiga ;17;1/10/10;Away;FC Barcelona;CD Tenerife;00:05:00;RW;45';00:03:00;Right-footed shot;Bojan Krkic;Antonela Rocuzzo
LaLiga ;17;1/10/10;Away;FC Barcelona;CD Tenerife;00:05:00;RW;75';00:04:00;Left-footed shot;Bojan Krkic;Antonela Rocuzzo
LaLiga ;18;1/16/10;Home;FC Barcelona;Sevilla FC;04:00:00;RW;85';03:00:00;Left-footed shot;Dani Alves;Antonela Rocuzzo
LaLiga ;18;1/16/10;Home;FC Barcelona;Sevilla FC;04:00:00;RW;90'+1;04:00:00;Left-footed shot;Éric Abidal;Antonela Rocuzzo
LaLiga ;19;1/23/10;Away;FC Barcelona;Real Valladolid CF;00:03:00;RW;54';00:03:00;Left-footed shot;Zlatan Ibrahimovi?;Antonela Rocuzzo
LaLiga ;21;2/6/10;Home;FC Barcelona;Getafe CF;02:01:00;RW;7';01:00:00;Left-footed shot;Yaya Touré;Antonela Rocuzzo
LaLiga ;24;2/27/10;Home;FC Barcelona;Málaga CF;02:01:00;RW;84';02:01:00;Right-footed shot;Dani Alves;Antonela Rocuzzo
LaLiga ;25;3/6/10;Away;FC Barcelona;UD Almería;02:02:00;RW;42';01:01:00;Direct free kick;Not Applicable;Antonela Rocuzzo
LaLiga ;25;3/6/10;Away;FC Barcelona;UD Almería;02:02:00;RW;66';02:02:00;Left-footed shot;Not Applicable;Antonela Rocuzzo
LaLiga ;26;3/14/10;Home;FC Barcelona;Valencia CF;03:00:00;CF;56';01:00:00;Left-footed shot;Xavi;Antonela Rocuzzo
LaLiga ;26;3/14/10;Home;FC Barcelona;Valencia CF;03:00:00;CF;80';02:00:00;Left-footed shot;Thierry Henry;Antonela Rocuzzo
LaLiga ;26;3/14/10;Home;FC Barcelona;Valencia CF;03:00:00;CF;82';03:00:00;Right-footed shot;Thierry Henry;Antonela Rocuzzo
Champions League ;last 16;3/17/10;Home;FC Barcelona;VfB Stuttgart;04:00:00;CF;13';01:00:00;Left-footed shot;Yaya Touré;Antonela Rocuzzo
Champions League ;last 16;3/17/10;Home;FC Barcelona;VfB Stuttgart;04:00:00;CF;56';03:00:00;Left-footed shot;Dani Alves;Antonela Rocuzzo
LaLiga ;27;3/21/10;Away;FC Barcelona;Real Zaragoza;02:04:00;RW;4';00:01:00;Header;Pedro;Antonela Rocuzzo
LaLiga ;27;3/21/10;Away;FC Barcelona;Real Zaragoza;02:04:00;RW;65';00:02:00;Left-footed shot;Not Applicable;Antonela Rocuzzo
LaLiga ;27;3/21/10;Away;FC Barcelona;Real Zaragoza;02:04:00;RW;78';00:03:00;Left-footed shot;Andrés Iniesta;Antonela Rocuzzo
LaLiga ;30;4/3/10;Home;FC Barcelona;Athletic Bilbao;04:01:00;CF;67';04:00:00;Left-footed shot;Pedro;Antonela Rocuzzo
Champions League ;Quarter-Finals;4/6/10;Home;FC Barcelona;Arsenal FC;04:01:00;CF;21';01:01:00;Left-footed shot;Not Applicable;Antonela Rocuzzo
Champions Legue ;Quarter-Finals;4/6/10;Home;FC Barcelona;Arsenal FC;04:01:00;CF;37';02:01:00;Right-footed shot;Pedro;Antonela Rocuzzo
Champions Legue ;Quarter-Finals;4/6/10;Home;FC Barcelona;Arsenal FC;04:01:00;CF;42';03:01:00;Left-footed shot;Seydou Keita;Antonela Rocuzzo
Champions Legue ;Quarter-Finals;4/6/10;Home;FC Barcelona;Arsenal FC;04:01:00;CF;88';04:01:00;Left-footed shot;Xavi;Antonela Rocuzzo
LaLiga ;31;4/10/10;Away;FC Barcelona;Real Madrid;00:02:00;CF;32';00:01:00;Right-footed shot;Xavi;Antonela Rocuzzo
LaLiga ;35;5/1/10;Away;FC Barcelona;Villarreal CF;01:04:00;RW;18';00:01:00;Left-footed shot;Xavi;Antonela Rocuzzo
LaLiga ;35;5/1/10;Away;FC Barcelona;Villarreal CF;01:04:00;RW;87';01:04:00;Left-footed shot;Dani Alves;Antonela Rocuzzo
LaLiga ;36;5/4/10;Home;FC Barcelona;CD Tenerife;04:01:00;RW;16';01:00:00;Right-footed shot;Zlatan Ibrahimovi?;Antonela Rocuzzo
LaLiga ;36;5/4/10;Home;FC Barcelona;CD Tenerife;04:01:00;RW;90'+3;04:01:00;Right-footed shot;Dani Alves;Antonela Rocuzzo
LaLiga ;37;5/8/10;Away;FC Barcelona;Sevilla FC;02:03:00;RW;5';00:01:00;Left-footed shot;Maxwell;Antonela Rocuzzo
LaLiga ;38;5/16/10;Home;FC Barcelona;Real Valladolid CF;04:00:00;RW;61';03:00:00;Right-footed shot;Yaya Touré;Antonela Rocuzzo
LaLiga ;38;5/16/10;Home;FC Barcelona;Real Valladolid CF;04:00:00;RW;74';04:00:00;Left-footed shot;Yaya Touré;Antonela Rocuzzo
Supercopa ;final;8/21/10;Home;FC Barcelona;Sevilla FC;04:00:00;RW;25';02:00:00;Left-footed shot;Xavi;Antonela Rocuzzo
Supercopa ;final;8/21/10;Home;FC Barcelona;Sevilla FC;04:00:00;RW;43';03:00:00;Right-footed shot;Dani Alves;Antonela Rocuzzo
Supercopa ;final;8/21/10;Home;FC Barcelona;Sevilla FC;04:00:00;RW;90'+1;04:00:00;Left-footed shot;Andrés Iniesta;Antonela Rocuzzo
LaLiga ;1;8/29/10;Away;FC Barcelona;Racing Santander;00:03:00;RW;3';00:01:00;Left-footed shot;Andrés Iniesta;Antonela Rocuzzo
Champions League ;Group Stage;9/14/10;Home;FC Barcelona;Panathinaikos Athens;05:01:00;CF;22';01:01:00;Left-footed shot;Xavi;Antonela Rocuzzo
Champions League ;Group Stage;9/14/10;Home;FC Barcelona;Panathinaikos Athens;05:01:00;CF;45';03:01:00;Left-footed shot;Pedro;Antonela Rocuzzo
LaLiga ;3;9/19/10;Away;FC Barcelona;Atlético de Madrid;01:02:00;CF;12';00:01:00;Left-footed shot;Pedro;Antonela Rocuzzo
LaLiga ;6;10/3/10;Home;FC Barcelona;RCD Mallorca;01:01:00;CF;20';01:00:00;Left-footed shot;Pedro;Antonela Rocuzzo
Champions League ;Group Stage;10/20/10;Home;FC Barcelona;FC Copenhagen;02:00:00;CF;18';01:00:00;Left-footed shot;Andrés Iniesta;Antonela Rocuzzo
Champions League ;Group Stage;10/20/10;Home;FC Barcelona;FC Copenhagen;02:00:00;CF;90'+1;02:00:00;Left-footed shot;Éric Abidal;Antonela Rocuzzo
LaLiga ;8;10/23/10;Away;FC Barcelona;Real Zaragoza;00:02:00;CF;41';00:01:00;Left-footed shot;David Villa;Antonela Rocuzzo
LaLiga ;8;10/23/10;Away;FC Barcelona;Real Zaragoza;00:02:00;CF;65';00:02:00;Left-footed shot;Not Applicable;Antonela Rocuzzo
LaLiga ;9;10/30/10;Home;FC Barcelona;Sevilla FC;05:00:00;RW;4';01:00:00;Left-footed shot;Not Applicable;Antonela Rocuzzo
LaLiga ;9;10/30/10;Home;FC Barcelona;Sevilla FC;05:00:00;RW;63';04:00:00;Left-footed shot;Not Applicable;Antonela Rocuzzo
Champions League ;Group Stage;11/2/10;Away;FC Barcelona;FC Copenhagen;01:01:00;RW;31';00:01:00;Right-footed shot;Not Applicable;Antonela Rocuzzo
LaLiga ;10;11/7/10;Away;FC Barcelona;Getafe CF;01:03:00;CF;23';00:01:00;Left-footed shot;David Villa;Antonela Rocuzzo
Copa del Rey ;4th round;11/10/10;Home;FC Barcelona;Club Atlético de Ceuta;05:01:00;RW;67';05:01:00;Left-footed shot;Thiago;Antonela Rocuzzo
LaLiga ;11;11/13/10;Home;FC Barcelona;Villarreal CF;03:01:00;CF;58';02:01:00;Right-footed shot;Pedro;Antonela Rocuzzo
LaLiga ;11;11/13/10;Home;FC Barcelona;Villarreal CF;03:01:00;CF;83';03:01:00;Left-footed shot;Pedro;Antonela Rocuzzo
LaLiga ;12;11/20/10;Away;FC Barcelona;UD Almería;00:08:00;CF;16';00:01:00;Left-footed shot;David Villa;Antonela Rocuzzo
LaLiga ;12;11/20/10;Away;FC Barcelona;UD Almería;00:08:00;CF;36';00:05:00;Tap-in;Not Applicable;Antonela Rocuzzo
LaLiga ;12;11/20/10;Away;FC Barcelona;UD Almería;00:08:00;CF;67';00:07:00;Tap-in;David Villa;Antonela Rocuzzo
Champions Legue ;Group Stage;11/24/10;Away;FC Barcelona;Panathinaikos Athens;00:03:00;CF;63';00:02:00;Left-footed shot;Adriano;Antonela Rocuzzo
LaLiga ;14;12/4/10;Away;FC Barcelona;CA Osasuna;00:03:00;CF;64';00:02:00;Left-footed shot;David Villa;Antonela Rocuzzo
LaLiga ;14;12/4/10;Away;FC Barcelona;CA Osasuna;00:03:00;CF;82';00:03:00;Penalty;Not Applicable;Antonela Rocuzzo
LaLiga ;15;12/12/10;Home;FC Barcelona;Real Sociedad;05:00:00;CF;46';03:00:00;Left-footed shot;Dani Alves;Antonela Rocuzzo
LaLiga ;15;12/12/10;Home;FC Barcelona;Real Sociedad;05:00:00;CF;86';04:00:00;Left-footed shot;Bojan Krkic;Antonela Rocuzzo
LaLiga ;18;1/8/11;Away;FC Barcelona;Deportivo de La Coruña;00:04:00;CF;51';00:02:00;Direct free kick;Not Applicable;Antonela Rocuzzo
Copa del Rey ;Quarter-Finals;1/12/11;Home;FC Barcelona;Real Betis Balompié;05:00:00;CF;44';01:00:00;Left-footed shot;Andrés Iniesta;Antonela Rocuzzo
Copa del Rey ;Quarter-Finals;1/12/11;Home;FC Barcelona;Real Betis Balompié;05:00:00;CF;63';02:00:00;Left-footed shot;Not Applicable;Antonela Rocuzzo
Copa del Rey ;Quarter-Finals;1/12/11;Home;FC Barcelona;Real Betis Balompié;05:00:00;CF;73';03:00:00;Left-footed shot;Xavi;Antonela Rocuzzo
Copa del Rey ;Quarter-Finals;1/19/11;Away;FC Barcelona;Real Betis Balompié;03:01:00;RW;37';02:01:00;Left-footed shot;Xavi;Antonela Rocuzzo
LaLiga ;20;1/22/11;Home;FC Barcelona;Racing Santander;03:00:00;CF;33';02:00:00;Penalty;Not Applicable;Antonela Rocuzzo
Copa del Rey ;Semi-Finals;1/26/11;Home;FC Barcelona;UD Almería;05:00:00;CF;9';01:00:00;Left-footed shot;Pedro;Antonela Rocuzzo
Copa del Rey ;Semi-Finals;1/26/11;Home;FC Barcelona;UD Almería;05:00:00;CF;15';03:00:00;Left-footed shot;Andrés Iniesta;Antonela Rocuzzo
LaLiga ;21;1/29/11;Away;FC Barcelona;Hércules CF;00:03:00;CF;87';00:02:00;Left-footed shot;Dani Alves;Antonela Rocuzzo
LaLiga ;21;1/29/11;Away;FC Barcelona;Hércules CF;00:03:00;CF;89';00:03:00;Left-footed shot;Dani Alves;Antonela Rocuzzo
LaLiga ;22;2/5/11;Home;FC Barcelona;Atlético de Madrid;03:00:00;CF;16';01:00:00;Left-footed shot;Dani Alves;Antonela Rocuzzo
LaLiga ;22;2/5/11;Home;FC Barcelona;Atlético de Madrid;03:00:00;CF;28';02:00:00;Left-footed shot;Pedro;Antonela Rocuzzo
LaLiga ;22;2/5/11;Home;FC Barcelona;Atlético de Madrid;03:00:00;CF;78';03:00:00;Left-footed shot;David Villa;Antonela Rocuzzo
LaLiga ;24;2/20/11;Home;FC Barcelona;Athletic Bilbao;02:01:00;CF;78';02:01:00;Right-footed shot;Dani Alves;Antonela Rocuzzo
LaLiga ;25;2/26/11;Away;FC Barcelona;RCD Mallorca;00:03:00;CF;38';00:01:00;Header;Seydou Keita;Antonela Rocuzzo
LaLiga ;26;3/2/11;Away;FC Barcelona;Valencia CF;00:01:00;CF;77';00:01:00;Left-footed shot;Adriano;Antonela Rocuzzo
Champions League ;last 16;3/8/11;Home;FC Barcelona;Arsenal FC;03:01:00;CF;49';01:00:00;Left-footed shot;Andrés Iniesta;Antonela Rocuzzo
Champions League ;last 16;3/8/11;Home;FC Barcelona;Arsenal FC;03:01:00;CF;72';03:01:00;Penalty;Not Applicable;Antonela Rocuzzo
LaLiga ;31;4/9/11;Home;FC Barcelona;UD Almería;03:01:00;CF;52';01:01:00;Penalty;Not Applicable;Antonela Rocuzzo
LaLiga ;31;4/9/11;Home;FC Barcelona;UD Almería;03:01:00;CF;90'+1;03:01:00;Left-footed shot;Seydou Keita;Antonela Rocuzzo
Champions League ;Quarter-Finals;4/12/11;Away;FC Barcelona;Shakhtar Donetsk;00:01:00;CF;42';00:01:00;Left-footed shot;Dani Alves;Antonela Rocuzzo
LaLiga ;32;4/16/11;Away;FC Barcelona;Real Madrid;01:01:00;CF;53';00:01:00;Penalty;Not Applicable;Antonela Rocuzzo
LaLiga ;33;4/23/11;Home;FC Barcelona;CA Osasuna;02:00:00;CF;87';02:00:00;Right-footed shot;Dani Alves;Antonela Rocuzzo
Champions League ;Semi-Finals;4/27/11;Away;FC Barcelona;Real Madrid;00:02:00;CF;76';00:01:00;Left-footed shot;Ibrahim Afellay;Antonela Rocuzzo
Champions Legue ;Semi-Finals;4/27/11;Away;FC Barcelona;Real Madrid;00:02:00;CF;87';00:02:00;Solo run;Sergio Busquets;Antonela Rocuzzo
Champions League ;Final;5/28/11;Home;FC Barcelona;Manchester United;03:01:00;CF;54';02:01:00;Left-footed shot;Andrés Iniesta;Antonela Rocuzzo
Supercopa ;final;8/14/11;Away;FC Barcelona;Real Madrid;02:02:00;CF;45';01:02:00;Left-footed shot;Thiago;Antonela Rocuzzo
Supercopa ;final;8/17/11;Home;FC Barcelona;Real Madrid;03:02:00;CF;44';02:01:00;Right-footed shot;Gerard Piqué;Antonela Rocuzzo
Supercopa ;final;8/17/11;Home;FC Barcelona;Real Madrid;03:02:00;CF;88';03:02:00;Left-footed shot;Adriano;Antonela Rocuzzo
UEFA Super Cup ;Final;8/26/11;Home;FC Barcelona;FC Porto;02:00:00;CF;39';01:00:00;Left-footed shot;Not Applicable;Antonela Rocuzzo
LaLiga ;2;8/29/11;Home;FC Barcelona;Villarreal CF;05:00:00;CF;51';04:00:00;Right-footed shot;Andrés Iniesta;Antonela Rocuzzo
LaLiga ;2;8/29/11;Home;FC Barcelona;Villarreal CF;05:00:00;CF;74';05:00:00;Left-footed shot;Thiago;Antonela Rocuzzo
LaLiga ;4;9/17/11;Home;FC Barcelona;CA Osasuna;08:00:00;CF;5';01:00:00;Left-footed shot;Dani Alves;Antonela Rocuzzo
LaLiga ;4;9/17/11;Home;FC Barcelona;CA Osasuna;08:00:00;CF;41';05:00:00;Left-footed shot;Cesc Fàbregas;Antonela Rocuzzo
LaLiga ;4;9/17/11;Home;FC Barcelona;CA Osasuna;08:00:00;CF;79';08:00:00;Left-footed shot;Cesc Fàbregas;Antonela Rocuzzo
LaLiga ;6;9/24/11;Home;FC Barcelona;Atlético de Madrid;05:00:00;CF;26';03:00:00;Left-footed shot;Pedro;Antonela Rocuzzo
LaLiga ;6;9/24/11;Home;FC Barcelona;Atlético de Madrid;05:00:00;CF;78';04:00:00;Left-footed shot;Dani Alves;Antonela Rocuzzo
LaLiga ;6;9/24/11;Home;FC Barcelona;Atlético de Madrid;05:00:00;CF;90'+1;05:00:00;Left-footed shot;David Villa;Antonela Rocuzzo
Champions League ;Group Stage;9/28/11;Away;FC Barcelona;BATE Borisov;00:05:00;CF;38';00:03:00;Header;Not Applicable;Antonela Rocuzzo
Champions League ;Group Stage;9/28/11;Away;FC Barcelona;BATE Borisov;00:05:00;CF;56';00:04:00;Left-footed shot;Dani Alves;Antonela Rocuzzo
LaLiga ;8;10/15/11;Home;FC Barcelona;Racing Santander;03:00:00;CF;11';01:00:00;Right-footed shot;Andrés Iniesta;Antonela Rocuzzo
LaLiga ;8;10/15/11;Home;FC Barcelona;Racing Santander;03:00:00;CF;69';03:00:00;Right-footed shot;Not Applicable;Antonela Rocuzzo
LaLiga ;11;10/29/11;Home;FC Barcelona;RCD Mallorca;05:00:00;CF;13';01:00:00;Penalty;Not Applicable;Antonela Rocuzzo
LaLiga ;11;10/29/11;Home;FC Barcelona;RCD Mallorca;05:00:00;CF;21';02:00:00;Right-footed shot;Adriano;Antonela Rocuzzo
LaLiga ;11;10/29/11;Home;FC Barcelona;RCD Mallorca;05:00:00;CF;30';03:00:00;Left-footed shot;Dani Alves;Antonela Rocuzzo
Champions League ;Group Stage;11/1/11;Away;FC Barcelona;FC Viktoria Plzen;00:04:00;CF;24';00:01:00;Penalty;Not Applicable;Antonela Rocuzzo
Champions League ;Group Stage;11/1/11;Away;FC Barcelona;FC Viktoria Plzen;00:04:00;CF;45'+2;00:02:00;Left-footed shot;Adriano;Antonela Rocuzzo
Champions League ;Group Stage;11/1/11;Away;FC Barcelona;FC Viktoria Plzen;00:04:00;CF;90'+2;00:04:00;Left-footed shot;Gerard Piqué;Antonela Rocuzzo
LaLiga ;12;11/6/11;Away;FC Barcelona;Athletic Bilbao;02:02:00;CF;90';02:02:00;Left-footed shot;Not Applicable;Antonela Rocuzzo
LaLiga ;13;11/19/11;Home;FC Barcelona;Real Zaragoza;04:00:00;CF;43';02:00:00;Right-footed shot;Cesc Fàbregas;Antonela Rocuzzo
Champions League ;Group Stage;11/23/11;Away;FC Barcelona;AC Milan;02:03:00;SS;31';01:02:00;Penalty;Not Applicable;Antonela Rocuzzo
LaLiga ;17;11/29/11;Home;FC Barcelona;Rayo Vallecano;04:00:00;CF;49';04:00:00;Left-footed shot;Dani Alves;Antonela Rocuzzo
LaLiga ;15;12/3/11;Home;FC Barcelona;Levante UD;05:00:00;CF;55';04:00:00;Left-footed shot;Dani Alves;Antonela Rocuzzo
Club World Cup ;Final;12/18/11;Away;FC Barcelona;Santos FC;00:04:00;RW;17';00:01:00;Left-footed shot;Xavi;Antonela Rocuzzo
Club World Cup ;Final;12/18/11;Away;FC Barcelona;Santos FC;00:04:00;RW;82';00:04:00;Left-footed shot;Dani Alves;Antonela Rocuzzo
Copa del Rey ;last 16;1/4/12;Home;FC Barcelona;CA Osasuna;04:00:00;CF;71';03:00:00;Header;Cesc Fàbregas;Antonela Rocuzzo
Copa del Rey ;last 16;1/4/12;Home;FC Barcelona;CA Osasuna;04:00:00;CF;90';04:00:00;Left-footed shot;Xavi;Antonela Rocuzzo
LaLiga ;19;1/15/12;Home;FC Barcelona;Real Betis Balompié;04:02:00;CF;12';02:00:00;Right-footed shot;Alexis Sánchez;Antonela Rocuzzo
LaLiga ;19;1/15/12;Home;FC Barcelona;Real Betis Balompié;04:02:00;CF;86';04:02:00;Penalty;Not Applicable;Antonela Rocuzzo
LaLiga ;1;1/22/12;Away;FC Barcelona;Málaga CF;01:04:00;CF;32';00:01:00;Header;Adriano;Antonela Rocuzzo
LaLiga ;1;1/22/12;Away;FC Barcelona;Málaga CF;01:04:00;CF;51';00:03:00;Left-footed shot;Thiago;Antonela Rocuzzo
LaLiga ;1;1/22/12;Away;FC Barcelona;Málaga CF;01:04:00;CF;77';00:04:00;Left-footed shot;Pedro;Antonela Rocuzzo
LaLiga ;22;2/4/12;Home;FC Barcelona;Real Sociedad;02:01:00;CF;72';02:00:00;Left-footed shot;Dani Alves;Antonela Rocuzzo
Champions League ;last 16;2/14/12;Away;FC Barcelona;Bayer 04 Leverkusen;01:03:00;CF;88';01:03:00;Left-footed shot;Dani Alves;Antonela Rocuzzo
LaLiga ;24;2/19/12;Home;FC Barcelona;Valencia CF;05:01:00;CF;21';01:01:00;Left-footed shot;Not Applicable;Antonela Rocuzzo
LaLiga ;24;2/19/12;Home;FC Barcelona;Valencia CF;05:01:00;CF;27';02:01:00;Tap-in;Not Applicable;Antonela Rocuzzo
LaLiga ;24;2/19/12;Home;FC Barcelona;Valencia CF;05:01:00;CF;75';03:01:00;Left-footed shot;Cristian Tello;Antonela Rocuzzo
LaLiga ;24;2/19/12;Home;FC Barcelona;Valencia CF;05:01:00;CF;84';04:01:00;Left-footed shot;Sergio Busquets;Antonela Rocuzzo
LaLiga ;25;2/26/12;Away;FC Barcelona;Atlético de Madrid;01:02:00;CF;79';01:02:00;Direct free kick;Not Applicable;Antonela Rocuzzo
Champions League ;last 16;3/7/12;Home;FC Barcelona;Bayer 04 Leverkusen;07:01:00;CF;25';01:00:00;Left-footed shot;Xavi;Antonela Rocuzzo
Champions League ;last 16;3/7/12;Home;FC Barcelona;Bayer 04 Leverkusen;07:01:00;CF;42';02:00:00;Left-footed shot;Andrés Iniesta;Antonela Rocuzzo
Champions League ;last 16;3/7/12;Home;FC Barcelona;Bayer 04 Leverkusen;07:01:00;CF;50';03:00:00;Right-footed shot;Cesc Fàbregas;Antonela Rocuzzo
Champions League ;last 16;3/7/12;Home;FC Barcelona;Bayer 04 Leverkusen;07:01:00;CF;58';05:00:00;Left-footed shot;Not Applicable;Antonela Rocuzzo
Champions League ;last 16;3/7/12;Home;FC Barcelona;Bayer 04 Leverkusen;07:01:00;CF;85';07:00:00;Left-footed shot;Seydou Keita;Antonela Rocuzzo
LaLiga ;27;3/11/12;Away;FC Barcelona;Racing Santander;00:02:00;CF;28';00:01:00;Left-footed shot;Cesc Fàbregas;Antonela Rocuzzo
LaLiga ;27;3/11/12;Away;FC Barcelona;Racing Santander;00:02:00;CF;55';00:02:00;Penalty;Not Applicable;Antonela Rocuzzo
LaLiga ;28;3/17/12;Away;FC Barcelona;Sevilla FC;00:02:00;CF;25';00:02:00;Left-footed shot;Andrés Iniesta;Antonela Rocuzzo
LaLiga ;29;3/20/12;Home;FC Barcelona;Granada CF;05:03:00;CF;16';02:00:00;Left-footed shot;Isaac Cuenca;Antonela Rocuzzo
LaLiga ;29;3/20/12;Home;FC Barcelona;Granada CF;05:03:00;CF;66';03:02:00;Left-footed shot;Dani Alves;Antonela Rocuzzo
LaLiga ;29;3/20/12;Home;FC Barcelona;Granada CF;05:03:00;CF;85';05:02:00;Left-footed shot;Dani Alves;Antonela Rocuzzo
LaLiga ;30;3/24/12;Away;FC Barcelona;RCD Mallorca;00:02:00;CF;25';00:01:00;Direct free kick;Not Applicable;Antonela Rocuzzo
LaLiga ;31;3/31/12;Home;FC Barcelona;Athletic Bilbao;02:00:00;CF;57';02:00:00;Penalty;Not Applicable;Antonela Rocuzzo
Champions League ;Quarter-Finals;4/3/12;Home;FC Barcelona;AC Milan;03:01:00;RW;11';01:00:00;Penalty;Not Applicable;Antonela Rocuzzo
Champions League ;Quarter-Finals;4/3/12;Home;FC Barcelona;AC Milan;03:01:00;RW;42';02:01:00;Penalty;Not Applicable;Antonela Rocuzzo
LaLiga ;32;4/7/12;Away;FC Barcelona;Real Zaragoza;01:04:00;CF;39';01:02:00;Left-footed shot;Alexis Sánchez;Antonela Rocuzzo
LaLiga ;32;4/7/12;Away;FC Barcelona;Real Zaragoza;01:04:00;CF;86';01:03:00;Penalty;Not Applicable;Antonela Rocuzzo
LaLiga ;33;4/10/12;Home;FC Barcelona;Getafe CF;04:00:00;CF;44';02:00:00;Left-footed shot;Andrés Iniesta;Antonela Rocuzzo
LaLiga ;34;4/14/12;Away;FC Barcelona;Levante UD;01:02:00;CF;64';01:01:00;Left-footed shot;Alexis Sánchez;Antonela Rocuzzo
LaLiga ;34;4/14/12;Away;FC Barcelona;Levante UD;01:02:00;CF;73';01:02:00;Penalty;Not Applicable;Antonela Rocuzzo
LaLiga ;36;4/29/12;Away;FC Barcelona;Rayo Vallecano;00:07:00;CF;16';00:01:00;Left-footed shot;Pedro;Antonela Rocuzzo
LaLiga ;36;4/29/12;Away;FC Barcelona;Rayo Vallecano;00:07:00;CF;88';00:07:00;Left-footed shot;Pedro;Antonela Rocuzzo
LaLiga ;20;5/2/12;Home;FC Barcelona;Málaga CF;04:01:00;CF;34';02:01:00;Penalty;Not Applicable;Antonela Rocuzzo
LaLiga ;20;5/2/12;Home;FC Barcelona;Málaga CF;04:01:00;CF;60';03:01:00;Penalty;Not Applicable;Antonela Rocuzzo
LaLiga ;20;5/2/12;Home;FC Barcelona;Málaga CF;04:01:00;CF;63';04:01:00;Left-footed shot;Andrés Iniesta;Antonela Rocuzzo
LaLiga ;37;5/5/12;Home;FC Barcelona;RCD Espanyol Barcelona;04:00:00;CF;11';01:00:00;Direct free kick;Not Applicable;Antonela Rocuzzo
LaLiga ;37;5/5/12;Home;FC Barcelona;RCD Espanyol Barcelona;04:00:00;CF;63';02:00:00;Penalty;Not Applicable;Antonela Rocuzzo
LaLiga ;37;5/5/12;Home;FC Barcelona;RCD Espanyol Barcelona;04:00:00;CF;73';03:00:00;Left-footed shot;Adriano;Antonela Rocuzzo
LaLiga ;37;5/5/12;Home;FC Barcelona;RCD Espanyol Barcelona;04:00:00;CF;78';04:00:00;Penalty;Not Applicable;Antonela Rocuzzo
Copa del Rey ;Final;5/25/12;Home;FC Barcelona;Athletic Bilbao;03:00:00;CF;20';02:00:00;Right-footed shot;Andrés Iniesta;Antonela Rocuzzo
LaLiga ;1;8/19/12;Home;FC Barcelona;Real Sociedad;05:01:00;CF;10';02:01:00;Left-footed shot;Pedro;Antonela Rocuzzo
LaLiga ;1;8/19/12;Home;FC Barcelona;Real Sociedad;05:01:00;CF;15';03:01:00;Left-footed shot;Cristian Tello;Antonela Rocuzzo
Supercopa ;final;8/23/12;Home;FC Barcelona;Real Madrid;03:02:00;CF;60';02:01:00;Penalty;Not Applicable;Antonela Rocuzzo
LaLiga ;2;8/26/12;Away;FC Barcelona;CA Osasuna;01:02:00;CF;74';01:01:00;Left-footed shot;Alexis Sánchez;Antonela Rocuzzo
LaLiga ;2;8/26/12;Away;FC Barcelona;CA Osasuna;01:02:00;CF;79';01:02:00;Left-footed shot;Jordi Alba;Antonela Rocuzzo
Supercopa ;final;8/29/12;Away;FC Barcelona;Real Madrid;02:01:00;CF;45';02:01:00;Direct free kick;Not Applicable;Antonela Rocuzzo
LaLiga ;4;9/15/12;Away;FC Barcelona;Getafe CF;01:04:00;CF;74';00:02:00;Penalty;Not Applicable;Antonela Rocuzzo
LaLiga ;4;9/15/12;Away;FC Barcelona;Getafe CF;01:04:00;CF;78';00:03:00;Left-footed shot;Pedro;Antonela Rocuzzo
Champions League ;Group Stage;9/19/12;Home;FC Barcelona;Spartak Moscow;03:02:00;CF;71';02:02:00;Left-footed shot;Cristian Tello;Antonela Rocuzzo
Champions League ;Group Stage;9/19/12;Home;FC Barcelona;Spartak Moscow;03:02:00;CF;80';03:02:00;Header;Alexis Sánchez;Antonela Rocuzzo
LaLiga ;7;10/7/12;Home;FC Barcelona;Real Madrid;02:02:00;CF;31';01:01:00;Left-footed shot;Not Applicable;Antonela Rocuzzo
LaLiga ;7;10/7/12;Home;FC Barcelona;Real Madrid;02:02:00;CF;60';02:01:00;Direct free kick;Not Applicable;Antonela Rocuzzo
LaLiga ;8;10/20/12;Away;FC Barcelona;Deportivo de La Coruña;04:05:00;CF;17';00:03:00;Left-footed shot;Cesc Fàbregas;Antonela Rocuzzo
LaLiga ;8;10/20/12;Away;FC Barcelona;Deportivo de La Coruña;04:05:00;CF;43';02:04:00;Left-footed shot;Cesc Fàbregas;Antonela Rocuzzo
LaLiga ;8;10/20/12;Away;FC Barcelona;Deportivo de La Coruña;04:05:00;CF;76';03:05:00;Left-footed shot;Xavi;Antonela Rocuzzo
LaLiga ;9;10/27/12;Away;FC Barcelona;Rayo Vallecano;00:05:00;CF;48';00:02:00;Left-footed shot;Martín Montoya;Antonela Rocuzzo
LaLiga ;9;10/27/12;Away;FC Barcelona;Rayo Vallecano;00:05:00;CF;89';00:05:00;Right-footed shot;Cesc Fàbregas;Antonela Rocuzzo
Champions League ;Group Stage;11/7/12;Away;FC Barcelona;Celtic FC;02:01:00;CF;90'+1;02:01:00;Tap-in;Not Applicable;
LaLiga ;11;11/11/12;Away;FC Barcelona;RCD Mallorca;02:04:00;CF;43';00:02:00;Left-footed shot;Sergio Busquets;Antonela Rocuzzo
LaLiga ;11;11/11/12;Away;FC Barcelona;RCD Mallorca;02:04:00;CF;70';02:04:00;Left-footed shot;Alexis Sánchez;Antonela Rocuzzo
LaLiga ;12;11/17/12;Home;FC Barcelona;Real Zaragoza;03:01:00;CF;15';01:00:00;Left-footed shot;Jordi Alba;Antonela Rocuzzo
LaLiga ;12;11/17/12;Home;FC Barcelona;Real Zaragoza;03:01:00;CF;60';03:01:00;Left-footed shot;Martín Montoya;Antonela Rocuzzo
Champions League ;Group Stage;11/20/12;Away;FC Barcelona;Spartak Moscow;00:03:00;CF;27';00:02:00;Right-footed shot;Not Applicable;Antonela Rocuzzo
Champions League ;Group Stage;11/20/12;Away;FC Barcelona;Spartak Moscow;00:03:00;CF;39';00:03:00;Left-footed shot;Pedro;Antonela Rocuzzo
LaLiga ;13;11/25/12;Away;FC Barcelona;Levante UD;00:04:00;CF;46';00:01:00;Left-footed shot;Andrés Iniesta;Antonela Rocuzzo
LaLiga ;13;11/25/12;Away;FC Barcelona;Levante UD;00:04:00;CF;51';00:02:00;Left-footed shot;Andrés Iniesta;
LaLiga ;14;12/1/12;Home;FC Barcelona;Athletic Bilbao;05:01:00;CF;24';02:00:00;Left-footed shot;Xavi;Antonela Rocuzzo
LaLiga ;14;12/1/12;Home;FC Barcelona;Athletic Bilbao;05:01:00;CF;69';05:01:00;Right-footed shot;Pedro;Antonela Rocuzzo
LaLiga ;15;12/9/12;Away;FC Barcelona;Real Betis Balompié;01:02:00;CF;16';00:01:00;Left-footed shot;Andrés Iniesta;Antonela Rocuzzo
LaLiga ;15;12/9/12;Away;FC Barcelona;Real Betis Balompié;01:02:00;CF;25';00:02:00;Left-footed shot;Andrés Iniesta;Antonela Rocuzzo
Copa del Rey ;last 16;12/12/12;Away;FC Barcelona;Córdoba CF;00:02:00;CF;10';00:01:00;Left-footed shot;David Villa;Antonela Rocuzzo
Copa del Rey ;last 16;12/12/12;Away;FC Barcelona;Córdoba CF;00:02:00;CF;73';00:02:00;Left-footed shot;Alexis Sánchez;Antonela Rocuzzo
LaLiga ;16;12/16/12;Home;FC Barcelona;Atlético de Madrid;04:01:00;CF;58';03:01:00;Left-footed shot;Alexis Sánchez;Antonela Rocuzzo
LaLiga ;16;12/16/12;Home;FC Barcelona;Atlético de Madrid;04:01:00;CF;88';04:01:00;Left-footed shot;Not Applicable;Antonela Rocuzzo
LaLiga ;17;12/22/12;Away;FC Barcelona;Real Valladolid CF;01:03:00;CF;59';00:02:00;Left-footed shot;Xavi;Antonela Rocuzzo
LaLiga ;18;1/6/13;Home;FC Barcelona;RCD Espanyol Barcelona;04:00:00;CF;28';04:00:00;Penalty;Not Applicable;Antonela Rocuzzo
LaLiga ;19;1/13/13;Away;FC Barcelona;Málaga CF;01:03:00;CF;26';00:01:00;Right-footed shot;Not Applicable;Antonela Rocuzzo
Copa del Rey ;Quarter-Finals;1/16/13;Home;FC Barcelona;Málaga CF;02:02:00;CF;29';01:01:00;Left-footed shot;Not Applicable;Antonela Rocuzzo
LaLiga ;20;1/19/13;Away;FC Barcelona;Real Sociedad;03:02:00;CF;6';00:01:00;Left-footed shot;Andrés Iniesta;Antonela Rocuzzo
Copa del Rey ;Quarter-Finals;1/24/13;Away;FC Barcelona;Málaga CF;02:04:00;CF;79';02:04:00;Header;Dani Alves;Antonela Rocuzzo
LaLiga ;21;1/27/13;Home;FC Barcelona;CA Osasuna;05:01:00;CF;11';01:00:00;Right-footed shot;Xavi;Antonela Rocuzzo
LaLiga ;21;1/27/13;Home;FC Barcelona;CA Osasuna;05:01:00;CF;28';02:01:00;Penalty;Not Applicable;Antonela Rocuzzo
LaLiga ;21;1/27/13;Home;FC Barcelona;CA Osasuna;05:01:00;CF;56';04:01:00;Left-footed shot;David Villa;Antonela Rocuzzo
LaLiga ;21;1/27/13;Home;FC Barcelona;CA Osasuna;05:01:00;CF;58';05:01:00;Left-footed shot;Adriano;Antonela Rocuzzo
LaLiga ;22;2/3/13;Away;FC Barcelona;Valencia CF;01:01:00;CF;39';01:01:00;Penalty;Not Applicable;Antonela Rocuzzo
LaLiga ;23;2/10/13;Home;FC Barcelona;Getafe CF;06:01:00;CF;13';02:00:00;Left-footed shot;Thiago;Antonela Rocuzzo
LaLiga ;24;2/16/13;Away;FC Barcelona;Granada CF;01:02:00;CF;49';01:01:00;Left-footed shot;Not Applicable;Antonela Rocuzzo
LaLiga ;24;2/16/13;Away;FC Barcelona;Granada CF;01:02:00;CF;72';01:02:00;Direct free kick;Not Applicable;Antonela Rocuzzo
LaLiga ;25;2/23/13;Home;FC Barcelona;Sevilla FC;02:01:00;CF;60';02:01:00;Left-footed shot;Cristian Tello;Antonela Rocuzzo
LaLiga ;26;3/2/13;Away;FC Barcelona;Real Madrid;02:01:00;CF;18';01:01:00;Left-footed shot;Dani Alves;Antonela Rocuzzo
LaLiga ;27;3/9/13;Home;FC Barcelona;Deportivo de La Coruña;02:00:00;CF;88';02:00:00;Left-footed shot;Alexis Sánchez;Antonela Rocuzzo
Champions League ;last 16;3/12/13;Home;FC Barcelona;AC Milan;04:00:00;CF;5';01:00:00;Left-footed shot;Xavi;Antonela Rocuzzo
Champions League ;last 16;3/12/13;Home;FC Barcelona;AC Milan;04:00:00;CF;40';02:00:00;Left-footed shot;Andrés Iniesta;Antonela Rocuzzo
LaLiga ;28;3/17/13;Home;FC Barcelona;Rayo Vallecano;03:01:00;CF;40';02:00:00;Left-footed shot;David Villa;Antonela Rocuzzo
LaLiga ;28;3/17/13;Home;FC Barcelona;Rayo Vallecano;03:01:00;CF;57';03:00:00;Left-footed shot;David Villa;
LaLiga ;29;3/30/13;Away;FC Barcelona;Celta de Vigo;02:02:00;CF;73';01:02:00;Left-footed shot;Cristian Tello;Antonela Rocuzzo
Champions League ;Quarter-Finals;4/2/13;Away;FC Barcelona;Paris Saint-Germain;02:02:00;CF;38';00:01:00;Left-footed shot;Dani Alves;Antonela Rocuzzo
LaLiga ;33;4/27/13;Away;FC Barcelona;Athletic Bilbao;02:02:00;CF;67';01:01:00;Left-footed shot;Thiago;Antonela Rocuzzo
LaLiga ;34;5/5/13;Home;FC Barcelona;Real Betis Balompié;04:02:00;CF;60';03:02:00;Direct free kick;Not Applicable;Antonela Rocuzzo
LaLiga ;34;5/5/13;Home;FC Barcelona;Real Betis Balompié;04:02:00;CF;71';04:02:00;Left-footed shot;Alexis Sánchez;Antonela Rocuzzo
LaLiga ;1;8/18/13;Home;FC Barcelona;Levante UD;07:00:00;CF;13';02:00:00;Left-footed shot;Pedro;
LaLiga ;1;8/18/13;Home;FC Barcelona;Levante UD;07:00:00;CF;42';05:00:00;Penalty;Not Applicable;Antonela Rocuzzo
LaLiga ;3;9/1/13;Away;FC Barcelona;Valencia CF;02:03:00;CF;11';00:01:00;Left-footed shot;Cesc Fàbregas;Antonela Rocuzzo
LaLiga ;3;9/1/13;Away;FC Barcelona;Valencia CF;02:03:00;CF;39';00:02:00;Right-footed shot;Cesc Fàbregas;Antonela Rocuzzo
LaLiga ;3;9/1/13;Away;FC Barcelona;Valencia CF;02:03:00;CF;41';00:03:00;Left-footed shot;Neymar;Antonela Rocuzzo
LaLiga ;4;9/14/13;Home;FC Barcelona;Sevilla FC;03:02:00;CF;75';02:00:00;Left-footed shot;Neymar;Antonela Rocuzzo
Champions League ;Group Stage;9/18/13;Home;FC Barcelona;Ajax Amsterdam;04:00:00;CF;22';01:00:00;Direct free kick;Not Applicable;Antonela Rocuzzo
Champions League ;Group Stage;9/18/13;Home;FC Barcelona;Ajax Amsterdam;04:00:00;CF;55';02:00:00;Left-footed shot;Sergio Busquets;Antonela Rocuzzo
Champions League ;Group Stage;9/18/13;Home;FC Barcelona;Ajax Amsterdam;04:00:00;CF;75';04:00:00;Left-footed shot;Xavi;Antonela Rocuzzo
LaLiga ;6;9/24/13;Home;FC Barcelona;Real Sociedad;04:01:00;CF;8';02:00:00;Header;Neymar;Antonela Rocuzzo
LaLiga ;7;9/28/13;Away;FC Barcelona;UD Almería;00:02:00;CF;21';00:01:00;Left-footed shot;Pedro;Antonela Rocuzzo
Champions League ;Group Stage;10/22/13;Away;FC Barcelona;AC Milan;01:01:00;CF;23';01:01:00;Left-footed shot;Andrés Iniesta;Antonela Rocuzzo
Champions League ;Group Stage;11/6/13;Home;FC Barcelona;AC Milan;03:01:00;CF;30';01:00:00;Penalty;Not Applicable;Antonela Rocuzzo
Champions League ;Group Stage;11/6/13;Home;FC Barcelona;AC Milan;03:01:00;CF;83';03:01:00;Left-footed shot;Cesc Fàbregas;Antonela Rocuzzo
Copa del Rey ;last 16;1/8/14;Home;FC Barcelona;Getafe CF;04:00:00;CF;90';03:00:00;Left-footed shot;Martín Montoya;Antonela Rocuzzo
Copa del Rey ;last 16;1/8/14;Home;FC Barcelona;Getafe CF;04:00:00;CF;90'+2;04:00:00;Left-footed shot;Alex Song;Antonela Rocuzzo
Copa del Rey ;last 16;1/16/14;Away;FC Barcelona;Getafe CF;00:02:00;CF;43';00:01:00;Right-footed shot;Cristian Tello;Antonela Rocuzzo
Copa del Rey ;last 16;1/16/14;Away;FC Barcelona;Getafe CF;00:02:00;CF;63';00:02:00;Left-footed shot;Not Applicable;Antonela Rocuzzo
LaLiga ;22;2/1/14;Home;FC Barcelona;Valencia CF;02:03:00;CF;54';02:02:00;Penalty;Not Applicable;Antonela Rocuzzo
LaLiga ;23;2/9/14;Away;FC Barcelona;Sevilla FC;01:04:00;CF;44';01:02:00;Left-footed shot;Pedro;Antonela Rocuzzo
LaLiga ;23;2/9/14;Away;FC Barcelona;Sevilla FC;01:04:00;CF;56';01:03:00;Left-footed shot;Andrés Iniesta;Antonela Rocuzzo
Copa del Rey ;Semi-Finals;2/12/14;Away;FC Barcelona;Real Sociedad;01:01:00;CF;26';00:01:00;Solo run;Not Applicable;Antonela Rocuzzo
LaLiga ;24;2/15/14;Home;FC Barcelona;Rayo Vallecano;06:00:00;CF;36';02:00:00;Left-footed shot;Cesc Fàbregas;Antonela Rocuzzo
LaLiga ;24;2/15/14;Home;FC Barcelona;Rayo Vallecano;06:00:00;CF;68';05:00:00;Left-footed shot;Alexis Sánchez;Antonela Rocuzzo
Champions League ;last 16;2/18/14;Away;FC Barcelona;Manchester City;00:02:00;CF;54';00:01:00;Penalty;Not Applicable;Antonela Rocuzzo
LaLiga ;25;2/22/14;Away;FC Barcelona;Real Sociedad;03:01:00;CF;36';01:01:00;Left-footed shot;Martín Montoya;Antonela Rocuzzo
LaLiga ;26;3/2/14;Home;FC Barcelona;UD Almería;04:01:00;CF;24';02:00:00;Direct free kick;Not Applicable;Antonela Rocuzzo
Champions League ;last 16;3/12/14;Home;FC Barcelona;Manchester City;02:01:00;CF;67';01:00:00;Left-footed shot;Not Applicable;Antonela Rocuzzo
LaLiga ;28;3/16/14;Home;FC Barcelona;CA Osasuna;07:00:00;CF;18';01:00:00;Left-footed shot;Alexis Sánchez;Antonela Rocuzzo
LaLiga ;28;3/16/14;Home;FC Barcelona;CA Osasuna;07:00:00;CF;63';04:00:00;Left-footed shot;Andrés Iniesta;Antonela Rocuzzo
LaLiga ;28;3/16/14;Home;FC Barcelona;CA Osasuna;07:00:00;CF;88';06:00:00;Right-footed shot;Dani Alves;Antonela Rocuzzo
LaLiga ;29;3/23/14;Away;FC Barcelona;Real Madrid;03:04:00;CF;42';02:02:00;Left-footed shot;Neymar;Antonela Rocuzzo
LaLiga ;29;3/23/14;Away;FC Barcelona;Real Madrid;03:04:00;CF;65';03:03:00;Penalty;Not Applicable;Antonela Rocuzzo
LaLiga ;29;3/23/14;Away;FC Barcelona;Real Madrid;03:04:00;CF;84';03:04:00;Penalty;Not Applicable;Antonela Rocuzzo
LaLiga ;30;3/26/14;Home;FC Barcelona;Celta de Vigo;03:00:00;CF;30';02:00:00;Right-footed shot;Andrés Iniesta;Antonela Rocuzzo
LaLiga ;31;3/29/14;Away;FC Barcelona;RCD Espanyol Barcelona;00:01:00;CF;77';00:01:00;Penalty;Not Applicable;Antonela Rocuzzo
LaLiga ;32;4/5/14;Home;FC Barcelona;Real Betis Balompié;03:01:00;CF;15';01:00:00;Penalty;Not Applicable;Antonela Rocuzzo
LaLiga ;32;4/5/14;Home;FC Barcelona;Real Betis Balompié;03:01:00;CF;86';03:01:00;Penalty rebound;Antonio Amaya;Antonela Rocuzzo
LaLiga ;34;4/20/14;Home;FC Barcelona;Athletic Bilbao;02:01:00;CF;74';02:01:00;Direct free kick;Not Applicable;Antonela Rocuzzo
LaLiga ;35;4/27/14;Away;FC Barcelona;Villarreal CF;02:03:00;CF;83';02:03:00;Right-footed shot;Cesc Fàbregas;Antonela Rocuzzo
LaLiga ;36;5/3/14;Home;FC Barcelona;Getafe CF;02:02:00;CF;23';01:00:00;Left-footed shot;Dani Alves;Antonela Rocuzzo
LaLiga ;1;8/24/14;Home;FC Barcelona;Elche CF;03:00:00;CF;42';01:00:00;Left-footed shot;Sergio Busquets;Antonela Rocuzzo
LaLiga ;1;8/24/14;Home;FC Barcelona;Elche CF;03:00:00;CF;64';03:00:00;Left-footed shot;Not Applicable;Antonela Rocuzzo
LaLiga ;4;9/21/14;Away;FC Barcelona;Levante UD;00:05:00;CF;77';00:05:00;Right-footed shot;Not Applicable;Antonela Rocuzzo
LaLiga ;6;9/27/14;Home;FC Barcelona;Granada CF;06:00:00;CF;62';04:00:00;Header;Dani Alves;Antonela Rocuzzo
LaLiga ;6;9/27/14;Home;FC Barcelona;Granada CF;06:00:00;CF;82';06:00:00;Right-footed shot;Not Applicable;Antonela Rocuzzo
Champions League ;Group Stage;9/30/14;Away;FC Barcelona;Paris Saint-Germain;03:02:00;RW;12';01:01:00;Left-footed shot;Andrés Iniesta;Antonela Rocuzzo
LaLiga ;7;10/4/14;Away;FC Barcelona;Rayo Vallecano;00:02:00;CF;35';00:01:00;Left-footed shot;Gerard Piqué;Antonela Rocuzzo
LaLiga ;8;10/18/14;Home;FC Barcelona;SD Eibar;03:00:00;CF;74';03:00:00;Left-footed shot;Neymar;Antonela Rocuzzo
Champions League ;Group Stage;10/21/14;Home;FC Barcelona;Ajax Amsterdam;03:01:00;CF;24';02:00:00;Left-footed shot;Andrés Iniesta;Antonela Rocuzzo
Champions League ;Group Stage;11/5/14;Away;FC Barcelona;Ajax Amsterdam;00:02:00;RW;36';00:01:00;Header;Marc Bartra;Antonela Rocuzzo
Champions League ;Group Stage;11/5/14;Away;FC Barcelona;Ajax Amsterdam;00:02:00;RW;76';00:02:00;Left-footed shot;Pedro;Antonela Rocuzzo
LaLiga ;12;11/22/14;Home;FC Barcelona;Sevilla FC;05:01:00;RW;21';01:00:00;Direct free kick;Not Applicable;Antonela Rocuzzo
LaLiga ;12;11/22/14;Home;FC Barcelona;Sevilla FC;05:01:00;RW;73';04:01:00;Tap-in;Neymar;Antonela Rocuzzo
LaLiga ;12;11/22/14;Home;FC Barcelona;Sevilla FC;05:01:00;RW;78';05:01:00;Left-footed shot;Neymar;Antonela Rocuzzo
Champions League ;Group Stage;11/25/14;Away;FC Barcelona;APOEL Nicosia;00:04:00;CF;38';00:02:00;Right-footed shot;Rafinha;Antonela Rocuzzo
Champions League ;Group Stage;11/25/14;Away;FC Barcelona;APOEL Nicosia;00:04:00;CF;58';00:03:00;Right-footed shot;Dani Alves;Antonela Rocuzzo
Champions League ;Group Stage;11/25/14;Away;FC Barcelona;APOEL Nicosia;00:04:00;CF;87';00:04:00;Right-footed shot;Pedro;Antonela Rocuzzo
LaLiga ;14;12/7/14;Home;FC Barcelona;RCD Espanyol Barcelona;05:01:00;RW;45'+1;01:01:00;Left-footed shot;Xavi;Antonela Rocuzzo
LaLiga ;14;12/7/14;Home;FC Barcelona;RCD Espanyol Barcelona;05:01:00;RW;50';02:01:00;Right-footed shot;Luis Suárez;Antonela Rocuzzo
LaLiga ;14;12/7/14;Home;FC Barcelona;RCD Espanyol Barcelona;05:01:00;RW;81';05:01:00;Right-footed shot;Pedro;Antonela Rocuzzo
Champions League ;Group Stage;12/10/14;Home;FC Barcelona;Paris Saint-Germain;03:01:00;AM;19';01:01:00;Right-footed shot;Luis Suárez;Antonela Rocuzzo
LaLiga ;16;12/20/14;Home;FC Barcelona;Córdoba CF;05:00:00;RW;82';04:00:00;Right-footed shot;Not Applicable;Antonela Rocuzzo
LaLiga ;16;12/20/14;Home;FC Barcelona;Córdoba CF;05:00:00;RW;90';05:00:00;Right-footed shot;Not Applicable;Antonela Rocuzzo
Copa del Rey ;last 16;1/8/15;Home;FC Barcelona;Elche CF;05:00:00;RW;45';03:00:00;Penalty;Not Applicable;Antonela Rocuzzo
LaLiga ;18;1/11/15;Home;FC Barcelona;Atlético de Madrid;03:01:00;RW;87';03:01:00;Left-footed shot;Not Applicable;Antonela Rocuzzo
LaLiga ;19;1/18/15;Away;FC Barcelona;Deportivo de La Coruña;00:04:00;RW;11';00:01:00;Header;Ivan Rakitic;Antonela Rocuzzo
LaLiga ;19;1/18/15;Away;FC Barcelona;Deportivo de La Coruña;00:04:00;RW;33';00:02:00;Left-footed shot;Luis Suárez;Antonela Rocuzzo
LaLiga ;19;1/18/15;Away;FC Barcelona;Deportivo de La Coruña;00:04:00;RW;62';00:03:00;Left-footed shot;Ivan Rakitic;Antonela Rocuzzo
Copa del Rey ;Quarter-Finals;1/21/15;Home;FC Barcelona;Atlético de Madrid;01:00:00;RW;85';01:00:00;Penalty rebound;Not Applicable;Antonela Rocuzzo
LaLiga ;20;1/24/15;Away;FC Barcelona;Elche CF;00:06:00;CF;55';00:02:00;Penalty;Not Applicable;Antonela Rocuzzo
LaLiga ;20;1/24/15;Away;FC Barcelona;Elche CF;00:06:00;CF;88';00:05:00;Left-footed shot;Marc Bartra;Antonela Rocuzzo
LaLiga ;21;2/1/15;Home;FC Barcelona;Villarreal CF;03:02:00;RW;55';03:02:00;Right-footed shot;Luis Suárez;Antonela Rocuzzo
LaLiga ;22;2/8/15;Away;FC Barcelona;Athletic Bilbao;02:05:00;RW;15';00:01:00;Direct free kick;Not Applicable;Antonela Rocuzzo
Copa del Rey ;Semi-Finals;2/11/15;Home;FC Barcelona;Villarreal CF;03:01:00;RW;41';01:00:00;Left-footed shot;Luis Suárez;Antonela Rocuzzo
LaLiga ;23;2/15/15;Home;FC Barcelona;Levante UD;05:00:00;CF;38';02:00:00;Right-footed shot;Marc Bartra;Antonela Rocuzzo
LaLiga ;23;2/15/15;Home;FC Barcelona;Levante UD;05:00:00;CF;59';03:00:00;Right-footed shot;Pedro;Antonela Rocuzzo
LaLiga ;23;2/15/15;Home;FC Barcelona;Levante UD;05:00:00;CF;65';04:00:00;Penalty;Not Applicable;Antonela Rocuzzo
LaLiga ;25;2/28/15;Away;FC Barcelona;Granada CF;01:03:00;RW;70';01:03:00;Right-footed shot;Luis Suárez;Antonela Rocuzzo
LaLiga ;26;3/8/15;Home;FC Barcelona;Rayo Vallecano;06:01:00;RW;56';03:00:00;Penalty;Not Applicable;
LaLiga ;26;3/8/15;Home;FC Barcelona;Rayo Vallecano;06:01:00;RW;63';04:00:00;Tap-in;Not Applicable;Antonela Rocuzzo
LaLiga ;26;3/8/15;Home;FC Barcelona;Rayo Vallecano;06:01:00;RW;68';05:00:00;Left-footed shot;Pedro;Antonela Rocuzzo
LaLiga ;27;3/14/15;Away;FC Barcelona;SD Eibar;00:02:00;RW;31';00:01:00;Penalty;Not Applicable;Antonela Rocuzzo
LaLiga ;27;3/14/15;Away;FC Barcelona;SD Eibar;00:02:00;RW;55';00:02:00;Header;Ivan Rakitic;Antonela Rocuzzo
LaLiga ;30;4/8/15;Home;FC Barcelona;UD Almería;04:00:00;RW;33';01:00:00;Left-footed shot;Marc Bartra;Antonela Rocuzzo
LaLiga ;31;4/11/15;Away;FC Barcelona;Sevilla FC;02:02:00;RW;15';00:01:00;Left-footed shot;Neymar;Antonela Rocuzzo
LaLiga ;32;4/18/15;Home;FC Barcelona;Valencia CF;02:00:00;RW;90'+4;02:00:00;Left-footed shot;Not Applicable;Antonela Rocuzzo
LaLiga ;33;4/25/15;Away;FC Barcelona;RCD Espanyol Barcelona;00:02:00;RW;25';00:02:00;Left-footed shot;Luis Suárez;Antonela Rocuzzo
LaLiga ;34;4/28/15;Home;FC Barcelona;Getafe CF;06:00:00;RW;9';01:00:00;Penalty;Not Applicable;Antonela Rocuzzo
LaLiga ;34;4/28/15;Home;FC Barcelona;Getafe CF;06:00:00;RW;47';06:00:00;Left-footed shot;Luis Suárez;
LaLiga ;35;5/2/15;Away;FC Barcelona;Córdoba CF;00:08:00;RW;47';00:03:00;Header;Dani Alves;Antonela Rocuzzo
LaLiga ;35;5/2/15;Away;FC Barcelona;Córdoba CF;00:08:00;RW;80';00:06:00;Left-footed shot;Luis Suárez;Antonela Rocuzzo
Champions League ;Semi-Finals;5/6/15;Home;FC Barcelona;Bayern Munich;03:00:00;RW;77';01:00:00;Left-footed shot;Dani Alves;Antonela Rocuzzo
Champions League ;Semi-Finals;5/6/15;Home;FC Barcelona;Bayern Munich;03:00:00;RW;80';02:00:00;Right-footed shot;Ivan Rakitic;Antonela Rocuzzo
LaLiga ;37;5/17/15;Away;FC Barcelona;Atlético de Madrid;00:01:00;RW;65';00:01:00;Left-footed shot;Pedro;Antonela Rocuzzo
LaLiga ;38;5/23/15;Home;FC Barcelona;Deportivo de La Coruña;02:02:00;RW;5';01:00:00;Header;Rafinha;Antonela Rocuzzo
LaLiga ;38;5/23/15;Home;FC Barcelona;Deportivo de La Coruña;02:02:00;RW;59';02:00:00;Right-footed shot;Neymar;Antonela Rocuzzo
Copa del Rey ;Final;5/30/15;Away;FC Barcelona;Athletic Bilbao;01:03:00;RW;20';00:01:00;Solo run;Not Applicable;Antonela Rocuzzo
Copa del Rey ;Final;5/30/15;Away;FC Barcelona;Athletic Bilbao;01:03:00;RW;74';00:03:00;Left-footed shot;Dani Alves;Antonela Rocuzzo
UEFA Super Cup ;Final;8/11/15;Home;FC Barcelona;Sevilla FC;05:04:00;RW;7';01:01:00;Direct free kick;Not Applicable;Antonela Rocuzzo
UEFA Super Cup ;Final;8/11/15;Home;FC Barcelona;Sevilla FC;05:04:00;RW;16';02:01:00;Direct free kick;Not Applicable;Antonela Rocuzzo
Supercopa ;final;8/17/15;Home;FC Barcelona;Athletic Bilbao;01:01:00;RW;43';01:00:00;Left-footed shot;Luis Suárez;Antonela Rocuzzo
LaLiga ;3;9/12/15;Away;FC Barcelona;Atlético de Madrid;01:02:00;RW;77';01:02:00;Left-footed shot;Luis Suárez;Antonela Rocuzzo
LaLiga ;4;9/20/15;Home;FC Barcelona;Levante UD;04:01:00;SS;61';03:00:00;Penalty;Not Applicable;Antonela Rocuzzo
LaLiga ;4;9/20/15;Home;FC Barcelona;Levante UD;04:01:00;SS;90';04:01:00;Left-footed shot;Marc Bartra;Antonela Rocuzzo
Champions League ;Group Stage;11/24/15;Home;FC Barcelona;AS Roma;06:01:00;RW;18';02:00:00;Left-footed shot;Luis Suárez;Antonela Rocuzzo
Champions League ;Group Stage;11/24/15;Home;FC Barcelona;AS Roma;06:01:00;RW;60';05:00:00;Tap-in;Not Applicable;Antonela Rocuzzo
LaLiga ;13;11/28/15;Home;FC Barcelona;Real Sociedad;04:00:00;RW;90'+1;04:00:00;Left-footed shot;Neymar;Antonela Rocuzzo
Champions League ;Group Stage;12/9/15;Away;FC Barcelona;Bayer 04 Leverkusen;01:01:00;RW;20';00:01:00;Right-footed shot;Ivan Rakitic;Antonela Rocuzzo
LaLiga ;15;12/12/15;Home;FC Barcelona;Deportivo de La Coruña;02:02:00;RW;39';01:00:00;Direct free kick;Not Applicable;Antonela Rocuzzo
Club World Cup ;Final;12/20/15;Away;FC Barcelona;CA River Plate;00:03:00;RW;36';00:01:00;Left-footed shot;Neymar;Antonela Rocuzzo
LaLiga ;17;12/30/15;Home;FC Barcelona;Real Betis Balompié;04:00:00;RW;33';02:00:00;Right-footed shot;Neymar;Antonela Rocuzzo
Copa del Rey ;last 16;1/6/16;Home;FC Barcelona;RCD Espanyol Barcelona;04:01:00;RW;13';01:01:00;Left-footed shot;Andrés Iniesta;Antonela Rocuzzo
Copa del Rey ;last 16;1/6/16;Home;FC Barcelona;RCD Espanyol Barcelona;04:01:00;RW;44';02:01:00;Direct free kick;Not Applicable;Antonela Rocuzzo
LaLiga ;19;1/9/16;Home;FC Barcelona;Granada CF;04:00:00;RW;8';01:00:00;Left-footed shot;Arda Turan;Antonela Rocuzzo
LaLiga ;19;1/9/16;Home;FC Barcelona;Granada CF;04:00:00;RW;14';02:00:00;Left-footed shot;Luis Suárez;Antonela Rocuzzo
LaLiga ;19;1/9/16;Home;FC Barcelona;Granada CF;04:00:00;RW;58';03:00:00;Tap-in;Not Applicable;Antonela Rocuzzo
LaLiga ;20;1/17/16;Home;FC Barcelona;Athletic Bilbao;06:00:00;RW;7';01:00:00;Penalty;Not Applicable;Antonela Rocuzzo
LaLiga ;21;1/23/16;Away;FC Barcelona;Málaga CF;01:02:00;RW;51';01:02:00;Left-footed shot;Adriano;Antonela Rocuzzo
LaLiga ;22;1/30/16;Home;FC Barcelona;Atlético de Madrid;02:01:00;RW;30';01:01:00;Left-footed shot;Jordi Alba;Antonela Rocuzzo
Copa del Rey ;Semi-Finals;2/3/16;Home;FC Barcelona;Valencia CF;07:00:00;RW;29';03:00:00;Left-footed shot;Neymar;Antonela Rocuzzo
Copa del Rey ;Semi-Finals;2/3/16;Home;FC Barcelona;Valencia CF;07:00:00;RW;59';04:00:00;Left-footed shot;Luis Suárez;Antonela Rocuzzo
Copa del Rey ;Semi-Finals;2/3/16;Home;FC Barcelona;Valencia CF;07:00:00;RW;74';05:00:00;Left-footed shot;Not Applicable;Antonela Rocuzzo
LaLiga ;24;2/14/16;Home;FC Barcelona;Celta de Vigo;06:01:00;RW;28';01:00:00;Direct free kick;Not Applicable;Antonela Rocuzzo
LaLiga ;16;2/17/16;Away;FC Barcelona;Sporting Gijón;01:03:00;RW;25';00:01:00;Left-footed shot;Luis Suárez;Antonela Rocuzzo
LaLiga ;16;2/17/16;Away;FC Barcelona;Sporting Gijón;01:03:00;RW;31';01:02:00;Left-footed shot;Luis Suárez;Antonela Rocuzzo
Champions League ;last 16;2/23/16;Away;FC Barcelona;Arsenal FC;00:02:00;RW;71';00:01:00;Left-footed shot;Neymar;Antonela Rocuzzo
Champions League ;last 16;2/23/16;Away;FC Barcelona;Arsenal FC;00:02:00;RW;83';00:02:00;Penalty;Not Applicable;Antonela Rocuzzo
LaLiga ;26;2/28/16;Home;FC Barcelona;Sevilla FC;02:01:00;RW;31';01:01:00;Direct free kick;Not Applicable;Antonela Rocuzzo
LaLiga ;27;3/3/16;Away;FC Barcelona;Rayo Vallecano;01:05:00;RW;23';00:02:00;Left-footed shot;Neymar;Antonela Rocuzzo
LaLiga ;27;3/3/16;Away;FC Barcelona;Rayo Vallecano;01:05:00;RW;53';00:03:00;Left-footed shot;Not Applicable;Antonela Rocuzzo
LaLiga ;27;3/3/16;Away;FC Barcelona;Rayo Vallecano;01:05:00;RW;72';01:04:00;Left-footed shot;Sergio Busquets;Antonela Rocuzzo
LaLiga ;28;3/6/16;Away;FC Barcelona;SD Eibar;00:04:00;RW;42';00:02:00;Left-footed shot;Munir El Haddadi;Antonela Rocuzzo
LaLiga ;28;3/6/16;Away;FC Barcelona;SD Eibar;00:04:00;RW;76';00:03:00;Penalty;Not Applicable;Antonela Rocuzzo
LaLiga ;29;3/12/16;Home;FC Barcelona;Getafe CF;06:00:00;CF;41';04:00:00;Left-footed shot;Arda Turan;Antonela Rocuzzo
Champions League ;last 16;3/16/16;Home;FC Barcelona;Arsenal FC;03:01:00;RW;86';03:01:00;Left-footed shot;Neymar;Antonela Rocuzzo
LaLiga ;33;4/17/16;Home;FC Barcelona;Valencia CF;01:02:00;RW;63';01:02:00;Left-footed shot;Jordi Alba;Antonela Rocuzzo
LaLiga ;34;4/20/16;Away;FC Barcelona;Deportivo de La Coruña;00:08:00;RW;73';00:06:00;Left-footed shot;Luis Suárez;Antonela Rocuzzo
LaLiga ;35;4/23/16;Home;FC Barcelona;Sporting Gijón;06:00:00;RW;13';01:00:00;Header;Not Applicable;Antonela Rocuzzo
LaLiga ;37;5/8/16;Home;FC Barcelona;RCD Espanyol Barcelona;05:00:00;RW;8';01:00:00;Direct free kick;Not Applicable;Antonela Rocuzzo
Supercopa ;final;8/17/16;Home;FC Barcelona;Sevilla FC;03:00:00;RW;55';03:00:00;Header;Lucas Digne;Antonela Rocuzzo
LaLiga ;1;8/20/16;Home;FC Barcelona;Real Betis Balompié;06:02:00;RW;37';02:01:00;Left-footed shot;Sergi Roberto;Antonela Rocuzzo
LaLiga ;1;8/20/16;Home;FC Barcelona;Real Betis Balompié;06:02:00;RW;58';05:01:00;Left-footed shot;Arda Turan;Antonela Rocuzzo
Champions League ;Group Stage;9/13/16;Home;FC Barcelona;Celtic FC;07:00:00;RW;3';01:00:00;Left-footed shot;Neymar;Antonela Rocuzzo
Champions League ;Group Stage;9/13/16;Home;FC Barcelona;Celtic FC;07:00:00;RW;27';02:00:00;Left-footed shot;Neymar;Antonela Rocuzzo
Champions League ;Group Stage;9/13/16;Home;FC Barcelona;Celtic FC;07:00:00;RW;60';05:00:00;Left-footed shot;Luis Suárez;Antonela Rocuzzo
LaLiga ;4;9/17/16;Away;FC Barcelona;CD Leganés;01:05:00;RW;15';00:01:00;Left-footed shot;Luis Suárez;Antonela Rocuzzo
LaLiga ;4;9/17/16;Away;FC Barcelona;CD Leganés;01:05:00;RW;55';00:04:00;Penalty;Not Applicable;Antonela Rocuzzo
LaLiga ;8;10/15/16;Home;FC Barcelona;Deportivo de La Coruña;04:00:00;RW;58';04:00:00;Left-footed shot;Neymar;Antonela Rocuzzo
Champions League ;Group Stage;10/19/16;Home;FC Barcelona;Manchester City;04:00:00;RW;17';01:00:00;Left-footed shot;Andrés Iniesta;Antonela Rocuzzo
Champions League ;Group Stage;10/19/16;Home;FC Barcelona;Manchester City;04:00:00;RW;61';02:00:00;Left-footed shot;Andrés Iniesta;Antonela Rocuzzo
Champions League ;Group Stage;10/19/16;Home;FC Barcelona;Manchester City;04:00:00;RW;69';03:00:00;Left-footed shot;Luis Suárez;Antonela Rocuzzo
LaLiga ;9;10/22/16;Away;FC Barcelona;Valencia CF;02:03:00;RW;22';00:01:00;Left-footed shot;Ivan Rakitic;Antonela Rocuzzo
LaLiga ;9;10/22/16;Away;FC Barcelona;Valencia CF;02:03:00;RW;90'+4;02:03:00;Penalty;Not Applicable;Antonela Rocuzzo
Champions League ;Group Stage;11/1/16;Away;FC Barcelona;Manchester City;03:01:00;RW;21';00:01:00;Left-footed shot;Neymar;Antonela Rocuzzo
LaLiga ;11;11/6/16;Away;FC Barcelona;Sevilla FC;01:02:00;RW;43';01:01:00;Left-footed shot;Neymar;Antonela Rocuzzo
Champions League ;Group Stage;11/23/16;Away;FC Barcelona;Celtic FC;00:02:00;RW;24';00:01:00;Left-footed shot;Neymar;Antonela Rocuzzo
Champions League ;Group Stage;11/23/16;Away;FC Barcelona;Celtic FC;00:02:00;RW;55';00:02:00;Penalty;Not Applicable;Antonela Rocuzzo
LaLiga ;13;11/27/16;Away;FC Barcelona;Real Sociedad;01:01:00;RW;59';01:01:00;Left-footed shot;Neymar;Antonela Rocuzzo
Champions League ;Group Stage;12/6/16;Home;FC Barcelona;Borussia Mönchengladbach;04:00:00;RW;16';01:00:00;Left-footed shot;Arda Turan;Antonela Rocuzzo
LaLiga ;15;12/10/16;Away;FC Barcelona;CA Osasuna;00:03:00;RW;72';00:02:00;Left-footed shot;Jordi Alba;Antonela Rocuzzo
LaLiga ;15;12/10/16;Away;FC Barcelona;CA Osasuna;00:03:00;RW;90'+2;00:03:00;Left-footed shot;Sergio Busquets;Antonela Rocuzzo
LaLiga ;16;12/18/16;Home;FC Barcelona;RCD Espanyol Barcelona;04:01:00;RW;90';04:01:00;Left-footed shot;Luis Suárez;Antonela Rocuzzo
Copa del Rey ;last 16;1/5/17;Away;FC Barcelona;Athletic Bilbao;02:01:00;RW;52';02:01:00;Direct free kick;Not Applicable;Antonela Rocuzzo
LaLiga ;17;1/8/17;Away;FC Barcelona;Villarreal CF;01:01:00;RW;90';01:01:00;Direct free kick;Not Applicable;Antonela Rocuzzo
Copa del Rey ;last 16;1/11/17;Home;FC Barcelona;Athletic Bilbao;03:01:00;RW;78';03:01:00;Direct free kick;Not Applicable;Antonela Rocuzzo
LaLiga ;18;1/14/17;Home;FC Barcelona;UD Las Palmas;05:00:00;RW;52';02:00:00;Right-footed shot;Not Applicable;Antonela Rocuzzo
LaLiga ;19;1/22/17;Away;FC Barcelona;SD Eibar;00:04:00;RW;50';00:02:00;Left-footed shot;Luis Suárez;Antonela Rocuzzo
Copa del Rey ;Quarter-Finals;1/26/17;Home;FC Barcelona;Real Sociedad;05:02:00;RW;55';02:00:00;Penalty;Not Applicable;Antonela Rocuzzo
Copa del Rey ;Semi-Finals;2/1/17;Away;FC Barcelona;Atlético de Madrid;01:02:00;RW;33';00:02:00;Left-footed shot;Ivan Rakitic;Antonela Rocuzzo
LaLiga ;21;2/4/17;Home;FC Barcelona;Athletic Bilbao;03:00:00;RW;40';02:00:00;Direct free kick;Not Applicable;Antonela Rocuzzo
LaLiga ;22;2/11/17;Away;FC Barcelona;Deportivo Alavés;00:06:00;RW;59';00:03:00;Left-footed shot;Neymar;Antonela Rocuzzo
LaLiga ;23;2/19/17;Home;FC Barcelona;CD Leganés;02:01:00;RW;4';01:00:00;Right-footed shot;Luis Suárez;Antonela Rocuzzo
LaLiga ;23;2/19/17;Home;FC Barcelona;CD Leganés;02:01:00;RW;90';02:01:00;Penalty;Not Applicable;Antonela Rocuzzo
LaLiga ;24;2/26/17;Away;FC Barcelona;Atlético de Madrid;01:02:00;RW;86';01:02:00;Left-footed shot;Not Applicable;Antonela Rocuzzo
LaLiga ;25;3/1/17;Home;FC Barcelona;Sporting Gijón;06:01:00;RW;9';01:00:00;Header;Javier Mascherano;Antonela Rocuzzo
LaLiga ;26;3/4/17;Home;FC Barcelona;Celta de Vigo;05:00:00;AM;24';01:00:00;Left-footed shot;Sergio Busquets;Antonela Rocuzzo
LaLiga ;26;3/4/17;Home;FC Barcelona;Celta de Vigo;05:00:00;AM;64';05:00:00;Left-footed shot;Not Applicable;Antonela Rocuzzo
Champions League ;last 16;3/8/17;Home;FC Barcelona;Paris Saint-Germain;06:01:00;AM;50';03:00:00;Penalty;Not Applicable;Antonela Rocuzzo
LaLiga ;28;3/19/17;Home;FC Barcelona;Valencia CF;04:02:00;AM;45';02:01:00;Penalty;Not Applicable;Antonela Rocuzzo
LaLiga ;28;3/19/17;Home;FC Barcelona;Valencia CF;04:02:00;AM;53';03:02:00;Right-footed shot;Javier Mascherano;Antonela Rocuzzo
LaLiga ;30;4/5/17;Home;FC Barcelona;Sevilla FC;03:00:00;RW;28';02:00:00;Right-footed shot;Luis Suárez;Antonela Rocuzzo
LaLiga ;30;4/5/17;Home;FC Barcelona;Sevilla FC;03:00:00;RW;33';03:00:00;Left-footed shot;Not Applicable;Antonela Rocuzzo
LaLiga ;32;4/15/17;Home;FC Barcelona;Real Sociedad;03:02:00;RW;17';01:00:00;Left-footed shot;Luis Suárez;Antonela Rocuzzo
LaLiga ;32;4/15/17;Home;FC Barcelona;Real Sociedad;03:02:00;RW;37';02:00:00;Tap-in;Not Applicable;Antonela Rocuzzo
LaLiga ;33;4/23/17;Away;FC Barcelona;Real Madrid;02:03:00;RW;33';01:01:00;Left-footed shot;Ivan Rakitic;Antonela Rocuzzo
LaLiga ;33;4/23/17;Away;FC Barcelona;Real Madrid;02:03:00;RW;90'+2;02:03:00;Left-footed shot;Jordi Alba;Antonela Rocuzzo
LaLiga ;34;4/26/17;Home;FC Barcelona;CA Osasuna;07:01:00;AM;12';01:00:00;Left-footed shot;Not Applicable;Antonela Rocuzzo
LaLiga ;34;4/26/17;Home;FC Barcelona;CA Osasuna;07:01:00;AM;61';04:01:00;Left-footed shot;Ivan Rakitic;Antonela Rocuzzo
LaLiga ;36;5/6/17;Home;FC Barcelona;Villarreal CF;04:01:00;RW;45';02:01:00;Left-footed shot;Sergio Busquets;Antonela Rocuzzo
LaLiga ;36;5/6/17;Home;FC Barcelona;Villarreal CF;04:01:00;RW;82';04:01:00;Penalty;Not Applicable;Antonela Rocuzzo
LaLiga ;38;5/21/17;Home;FC Barcelona;SD Eibar;04:02:00;RW;75';03:02:00;Penalty;Not Applicable;Antonela Rocuzzo
LaLiga ;38;5/21/17;Home;FC Barcelona;SD Eibar;04:02:00;RW;90'+2;04:02:00;Right-footed shot;Not Applicable;Antonela Rocuzzo
Copa del Rey ;Final;5/27/17;Home;FC Barcelona;Deportivo Alavés;03:01:00;RW;30';01:00:00;Left-footed shot;Neymar;Antonela Rocuzzo
Supercopa ;final;8/13/17;Home;FC Barcelona;Real Madrid;01:03:00;RW;77';01:01:00;Penalty;Not Applicable;Antonela Rocuzzo
LaLiga ;2;8/26/17;Away;FC Barcelona;Deportivo Alavés;00:02:00;CF;55';00:01:00;Left-footed shot;Jordi Alba;Antonela Rocuzzo
LaLiga ;2;8/26/17;Away;FC Barcelona;Deportivo Alavés;00:02:00;CF;66';00:02:00;Left-footed shot;Paco Alcácer;Antonela Rocuzzo
LaLiga ;3;9/9/17;Home;FC Barcelona;RCD Espanyol Barcelona;05:00:00;CF;26';01:00:00;Left-footed shot;Ivan Rakitic;Antonela Rocuzzo
LaLiga ;3;9/9/17;Home;FC Barcelona;RCD Espanyol Barcelona;05:00:00;CF;35';02:00:00;Right-footed shot;Jordi Alba;Antonela Rocuzzo
LaLiga ;3;9/9/17;Home;FC Barcelona;RCD Espanyol Barcelona;05:00:00;CF;67';03:00:00;Left-footed shot;Jordi Alba;Antonela Rocuzzo
Champions League ;Group Stage;9/12/17;Home;FC Barcelona;Juventus FC;03:00:00;CF;45';01:00:00;Left-footed shot;Luis Suárez;Antonela Rocuzzo
Champions League ;Group Stage;9/12/17;Home;FC Barcelona;Juventus FC;03:00:00;CF;69';03:00:00;Left-footed shot;Not Applicable;Antonela Rocuzzo
LaLiga ;5;9/19/17;Home;FC Barcelona;SD Eibar;06:01:00;CF;21';01:00:00;Penalty;Not Applicable;Antonela Rocuzzo
LaLiga ;5;9/19/17;Home;FC Barcelona;SD Eibar;06:01:00;CF;59';04:01:00;Left-footed shot;Sergio Busquets;Antonela Rocuzzo
LaLiga ;5;9/19/17;Home;FC Barcelona;SD Eibar;06:01:00;CF;62';05:01:00;Left-footed shot;Paulinho;Antonela Rocuzzo
LaLiga ;5;9/19/17;Home;FC Barcelona;SD Eibar;06:01:00;CF;87';06:01:00;Left-footed shot;Aleix Vidal;Antonela Rocuzzo
LaLiga ;7;10/1/17;Home;FC Barcelona;UD Las Palmas;03:00:00;SS;70';02:00:00;Left-footed shot;Denis Suárez;Antonela Rocuzzo
LaLiga ;7;10/1/17;Home;FC Barcelona;UD Las Palmas;03:00:00;SS;77';03:00:00;Left-footed shot;Luis Suárez;Antonela Rocuzzo
Champions League ;Group Stage;10/18/17;Home;FC Barcelona;Olympiacos Piraeus;03:01:00;CF;61';02:00:00;Direct free kick;Not Applicable;Antonela Rocuzzo
LaLiga ;10;10/28/17;Away;FC Barcelona;Athletic Bilbao;00:02:00;SS;37';00:01:00;Left-footed shot;Jordi Alba;Antonela Rocuzzo
LaLiga ;14;12/2/17;Home;FC Barcelona;Celta de Vigo;02:02:00;SS;22';01:01:00;Left-footed shot;Paulinho;Antonela Rocuzzo
LaLiga ;15;12/10/17;Away;FC Barcelona;Villarreal CF;00:02:00;RW;83';00:02:00;Left-footed shot;Sergio Busquets;Antonela Rocuzzo
LaLiga ;17;12/23/17;Away;FC Barcelona;Real Madrid;00:03:00;SS;64';00:02:00;Penalty;Not Applicable;Antonela Rocuzzo
LaLiga ;18;1/7/18;Home;FC Barcelona;Levante UD;03:00:00;SS;12';01:00:00;Left-footed shot;Jordi Alba;Antonela Rocuzzo
Copa del Rey ;last 16;1/11/18;Home;FC Barcelona;Celta de Vigo;05:00:00;SS;13';01:00:00;Left-footed shot;Jordi Alba;Antonela Rocuzzo
Copa del Rey ;last 16;1/11/18;Home;FC Barcelona;Celta de Vigo;05:00:00;SS;15';02:00:00;Left-footed shot;Jordi Alba;Antonela Rocuzzo
LaLiga ;19;1/14/18;Away;FC Barcelona;Real Sociedad;02:04:00;SS;85';02:04:00;Direct free kick;Not Applicable;Antonela Rocuzzo
LaLiga ;20;1/21/18;Away;FC Barcelona;Real Betis Balompié;00:05:00;SS;64';00:02:00;Left-footed shot;Sergio Busquets;Antonela Rocuzzo
LaLiga ;20;1/21/18;Away;FC Barcelona;Real Betis Balompié;00:05:00;SS;80';00:04:00;Left-footed shot;Luis Suárez;Antonela Rocuzzo
Copa del Rey ;Quarter-Finals;1/25/18;Home;FC Barcelona;RCD Espanyol Barcelona;02:00:00;SS;25';02:00:00;Deflected shot on goal;Not Applicable;Antonela Rocuzzo
LaLiga ;21;1/28/18;Home;FC Barcelona;Deportivo Alavés;02:01:00;SS;84';02:01:00;Direct free kick;Not Applicable;Antonela Rocuzzo
Champions League ;last 16;2/20/18;Away;FC Barcelona;Chelsea FC;01:01:00;SS;75';01:01:00;Left-footed shot;Andrés Iniesta;Antonela Rocuzzo
LaLiga ;25;2/24/18;Home;FC Barcelona;Girona FC;06:01:00;SS;30';02:01:00;Left-footed shot;Luis Suárez;Antonela Rocuzzo
LaLiga ;25;2/24/18;Home;FC Barcelona;Girona FC;06:01:00;SS;36';03:01:00;Direct free kick;Not Applicable;Antonela Rocuzzo
LaLiga ;26;3/1/18;Away;FC Barcelona;UD Las Palmas;01:01:00;SS;21';00:01:00;Direct free kick;Not Applicable;Antonela Rocuzzo
LaLiga ;27;3/4/18;Home;FC Barcelona;Atlético de Madrid;01:00:00;SS;26';01:00:00;Direct free kick;Not Applicable;Antonela Rocuzzo
Champions League ;last 16;3/14/18;Home;FC Barcelona;Chelsea FC;03:00:00;SS;3';01:00:00;Right-footed shot;Luis Suárez;Antonela Rocuzzo
Champions League ;last 16;3/14/18;Home;FC Barcelona;Chelsea FC;03:00:00;SS;63';03:00:00;Left-footed shot;Luis Suárez;Antonela Rocuzzo
LaLiga ;29;3/18/18;Home;FC Barcelona;Athletic Bilbao;02:00:00;SS;30';02:00:00;Left-footed shot;Ousmane Dembélé;Antonela Rocuzzo
LaLiga ;30;3/31/18;Away;FC Barcelona;Sevilla FC;02:02:00;RW;89';02:02:00;Left-footed shot;Philippe Coutinho;Antonela Rocuzzo
LaLiga ;31;4/7/18;Home;FC Barcelona;CD Leganés;03:01:00;SS;27';01:00:00;Direct free kick;Not Applicable;Antonela Rocuzzo
LaLiga ;31;4/7/18;Home;FC Barcelona;CD Leganés;03:01:00;SS;32';02:00:00;Left-footed shot;Philippe Coutinho;Antonela Rocuzzo
LaLiga ;31;4/7/18;Home;FC Barcelona;CD Leganés;03:01:00;SS;87';03:01:00;Left-footed shot;Ousmane Dembélé;Antonela Rocuzzo
Copa del Rey ;Final;4/21/18;Away;FC Barcelona;Sevilla FC;00:05:00;SS;31';00:02:00;Left-footed shot;Jordi Alba;Antonela Rocuzzo
LaLiga ;35;4/29/18;Away;FC Barcelona;Deportivo de La Coruña;02:04:00;SS;38';00:02:00;Left-footed shot;Luis Suárez;Antonela Rocuzzo
LaLiga ;35;4/29/18;Away;FC Barcelona;Deportivo de La Coruña;02:04:00;SS;82';02:03:00;Right-footed shot;Luis Suárez;Antonela Rocuzzo
LaLiga ;35;4/29/18;Away;FC Barcelona;Deportivo de La Coruña;02:04:00;SS;85';02:04:00;Left-footed shot;Luis Suárez;Antonela Rocuzzo
LaLiga ;36;5/6/18;Home;FC Barcelona;Real Madrid;02:02:00;SS;52';02:01:00;Left-footed shot;Luis Suárez;Antonela Rocuzzo
LaLiga ;34;5/9/18;Home;FC Barcelona;Villarreal CF;05:01:00;CF;45';03:00:00;Left-footed shot;Andrés Iniesta;Antonela Rocuzzo
LaLiga ;1;8/18/18;Home;FC Barcelona;Deportivo Alavés;03:00:00;RW;64';01:00:00;Direct free kick;Not Applicable;Antonela Rocuzzo
LaLiga ;1;8/18/18;Home;FC Barcelona;Deportivo Alavés;03:00:00;RW;90'+2;03:00:00;Left-footed shot;Luis Suárez;Antonela Rocuzzo
LaLiga ;3;9/2/18;Home;FC Barcelona;SD Huesca;08:02:00;RW;16';01:01:00;Right-footed shot;Ivan Rakitic;Antonela Rocuzzo
LaLiga ;3;9/2/18;Home;FC Barcelona;SD Huesca;08:02:00;RW;61';06:02:00;Left-footed shot;Philippe Coutinho;Antonela Rocuzzo
Champions League ;Group Stage;9/18/18;Home;FC Barcelona;PSV Eindhoven;04:00:00;RW;31';01:00:00;Direct free kick;Not Applicable;Antonela Rocuzzo
Champions League ;Group Stage;9/18/18;Home;FC Barcelona;PSV Eindhoven;04:00:00;RW;77';03:00:00;Left-footed shot;Ivan Rakitic;Antonela Rocuzzo
Champions League ;Group Stage;9/18/18;Home;FC Barcelona;PSV Eindhoven;04:00:00;RW;87';04:00:00;Right-footed shot;Luis Suárez;Antonela Rocuzzo
LaLiga ;5;9/23/18;Home;FC Barcelona;Girona FC;02:02:00;RW;19';01:00:00;Left-footed shot;Arturo Vidal;Antonela Rocuzzo
Champions League ;Group Stage;10/3/18;Away;FC Barcelona;Tottenham Hotspur;02:04:00;RW;56';01:03:00;Left-footed shot;Jordi Alba;Antonela Rocuzzo
Champions League ;Group Stage;10/3/18;Away;FC Barcelona;Tottenham Hotspur;02:04:00;RW;90';02:04:00;Left-footed shot;Jordi Alba;Antonela Rocuzzo
LaLiga ;8;10/7/18;Away;FC Barcelona;Valencia CF;01:01:00;RW;23';01:01:00;Left-footed shot;Luis Suárez;Antonela Rocuzzo
LaLiga ;9;10/20/18;Home;FC Barcelona;Sevilla FC;04:02:00;RW;12';02:00:00;Left-footed shot;Luis Suárez;Antonela Rocuzzo
LaLiga ;12;11/11/18;Home;FC Barcelona;Real Betis Balompié;03:04:00;SS;68';01:02:00;Penalty;Not Applicable;Antonela Rocuzzo
LaLiga ;12;11/11/18;Home;FC Barcelona;Real Betis Balompié;03:04:00;SS;90'+4;03:04:00;Left-footed shot;Arturo Vidal;Antonela Rocuzzo
Champions League ;Group Stage;11/28/18;Away;FC Barcelona;PSV Eindhoven;01:02:00;CF;61';00:01:00;Left-footed shot;Ousmane Dembélé;Antonela Rocuzzo
LaLiga ;15;12/8/18;Away;FC Barcelona;RCD Espanyol Barcelona;00:04:00;RW;17';00:01:00;Direct free kick;Not Applicable;Antonela Rocuzzo
LaLiga ;15;12/8/18;Away;FC Barcelona;RCD Espanyol Barcelona;00:04:00;RW;65';00:04:00;Direct free kick;Not Applicable;Antonela Rocuzzo
LaLiga ;16;12/16/18;Away;FC Barcelona;Levante UD;00:05:00;SS;43';00:02:00;Right-footed shot;Sergio Busquets;Antonela Rocuzzo
LaLiga ;16;12/16/18;Away;FC Barcelona;Levante UD;00:05:00;SS;47';00:03:00;Left-footed shot;Not Applicable;Antonela Rocuzzo
LaLiga ;16;12/16/18;Away;FC Barcelona;Levante UD;00:05:00;SS;60';00:04:00;Left-footed shot;Arturo Vidal;Antonela Rocuzzo
LaLiga ;17;12/22/18;Home;FC Barcelona;Celta de Vigo;02:00:00;RW;45';02:00:00;Left-footed shot;Jordi Alba;Antonela Rocuzzo
LaLiga ;18;1/6/19;Away;FC Barcelona;Getafe CF;01:02:00;RW;20';00:01:00;Left-footed shot;Not Applicable;Antonela Rocuzzo
LaLiga ;19;1/13/19;Home;FC Barcelona;SD Eibar;03:00:00;RW;53';02:00:00;Left-footed shot;Luis Suárez;Antonela Rocuzzo
Copa del Rey ;last 16;1/17/19;Home;FC Barcelona;Levante UD;03:00:00;CF;54';03:00:00;Left-footed shot;Nélson Semedo;Antonela Rocuzzo
LaLiga ;20;1/20/19;Home;FC Barcelona;CD Leganés;03:01:00;SS;90'+2;03:01:00;Right-footed shot;Jordi Alba;Antonela Rocuzzo
LaLiga ;21;1/27/19;Away;FC Barcelona;Girona FC;00:02:00;RW;69';00:02:00;Left-footed shot;Jordi Alba;Antonela Rocuzzo
Copa del Rey ;Quarter-Finals;1/30/19;Home;FC Barcelona;Sevilla FC;06:01:00;RW;90'+2;06:01:00;Left-footed shot;Jordi Alba;Antonela Rocuzzo
LaLiga ;22;2/2/19;Home;FC Barcelona;Valencia CF;02:02:00;RW;39';01:02:00;Penalty;Not Applicable;Antonela Rocuzzo
LaLiga ;22;2/2/19;Home;FC Barcelona;Valencia CF;02:02:00;RW;64';02:02:00;Left-footed shot;Arturo Vidal;Antonela Rocuzzo
LaLiga ;24;2/16/19;Home;FC Barcelona;Real Valladolid CF;01:00:00;RW;43';01:00:00;Penalty;Not Applicable;Antonela Rocuzzo
LaLiga ;25;2/23/19;Away;FC Barcelona;Sevilla FC;02:04:00;RW;26';01:01:00;Left-footed shot;Ivan Rakitic;Antonela Rocuzzo
LaLiga ;25;2/23/19;Away;FC Barcelona;Sevilla FC;02:04:00;RW;67';02:02:00;Right-footed shot;Ousmane Dembélé;Antonela Rocuzzo
LaLiga ;25;2/23/19;Away;FC Barcelona;Sevilla FC;02:04:00;RW;85';02:03:00;Left-footed shot;Not Applicable;Antonela Rocuzzo
LaLiga ;27;3/9/19;Home;FC Barcelona;Rayo Vallecano;03:01:00;RW;51';02:01:00;Penalty;Not Applicable;Antonela Rocuzzo
Champions League ;last 16;3/13/19;Home;FC Barcelona;Olympique Lyon;05:01:00;RW;18';01:00:00;Penalty;Not Applicable;Antonela Rocuzzo
Champions League ;last 16;3/13/19;Home;FC Barcelona;Olympique Lyon;05:01:00;RW;78';03:01:00;Right-footed shot;Sergio Busquets;Antonela Rocuzzo
LaLiga ;28;3/17/19;Away;FC Barcelona;Real Betis Balompié;01:04:00;SS;18';00:01:00;Direct free kick;Not Applicable;Antonela Rocuzzo
LaLiga ;28;3/17/19;Away;FC Barcelona;Real Betis Balompié;01:04:00;SS;45'+2;00:02:00;Left-footed shot;Luis Suárez;Antonela Rocuzzo
LaLiga ;28;3/17/19;Away;FC Barcelona;Real Betis Balompié;01:04:00;SS;85';01:04:00;Left-footed shot;Ivan Rakitic;Antonela Rocuzzo
LaLiga ;29;3/30/19;Home;FC Barcelona;RCD Espanyol Barcelona;02:00:00;RW;71';01:00:00;Direct free kick;Not Applicable;Antonela Rocuzzo
LaLiga ;29;3/30/19;Home;FC Barcelona;RCD Espanyol Barcelona;02:00:00;RW;89';02:00:00;Left-footed shot;Malcom;Antonela Rocuzzo
LaLiga ;30;4/2/19;Away;FC Barcelona;Villarreal CF;04:04:00;RW;90';04:03:00;Direct free kick;Not Applicable;
LaLiga ;31;4/6/19;Home;FC Barcelona;Atlético de Madrid;02:00:00;SS;87';02:00:00;Left-footed shot;Not Applicable;Antonela Rocuzzo
Champions League ;Quarter-Finals;4/16/19;Home;FC Barcelona;Manchester United;03:00:00;RW;16';01:00:00;Left-footed shot;Not Applicable;Antonela Rocuzzo
Champions League ;Quarter-Finals;4/16/19;Home;FC Barcelona;Manchester United;03:00:00;RW;20';02:00:00;Right-footed shot;Not Applicable;Antonela Rocuzzo
LaLiga ;35;4/27/19;Home;FC Barcelona;Levante UD;01:00:00;RW;62';01:00:00;Left-footed shot;Arturo Vidal;Antonela Rocuzzo
Champions League ;Semi-Finals;5/1/19;Home;FC Barcelona;Liverpool FC;03:00:00;RW;75';02:00:00;Left-footed shot;Luis Suárez;Antonela Rocuzzo
Champions League ;Semi-Finals;5/1/19;Home;FC Barcelona;Liverpool FC;03:00:00;RW;82';03:00:00;Direct free kick;Not Applicable;Antonela Rocuzzo
LaLiga ;38;5/19/19;Away;FC Barcelona;SD Eibar;02:02:00;CF;31';01:01:00;Left-footed shot;Arturo Vidal;Antonela Rocuzzo
LaLiga ;38;5/19/19;Away;FC Barcelona;SD Eibar;02:02:00;CF;32';01:02:00;Left-footed shot;Ivan Rakitic;Antonela Rocuzzo
Copa del Rey ;Final;5/25/19;Home;FC Barcelona;Valencia CF;01:02:00;CF;73';01:02:00;Left-footed shot;Clément Lenglet;Antonela Rocuzzo
LaLiga ;8;10/6/19;Home;FC Barcelona;Sevilla FC;04:00:00;RW;78';04:00:00;Direct free kick;Not Applicable;
LaLiga ;9;10/19/19;Away;FC Barcelona;SD Eibar;00:03:00;RW;58';00:02:00;Left-footed shot;Antoine Griezmann;Antonela Rocuzzo
Champions League ;Group Stage;10/23/19;Away;FC Barcelona;SK Slavia Prague;01:02:00;RW;3';00:01:00;Left-footed shot;Arthur Melo;Antonela Rocuzzo
LaLiga ;11;10/29/19;Home;FC Barcelona;Real Valladolid CF;05:01:00;RW;34';03:01:00;Direct free kick;Not Applicable;
LaLiga ;11;10/29/19;Home;FC Barcelona;Real Valladolid CF;05:01:00;RW;75';04:01:00;Left-footed shot;Ivan Rakitic;Antonela Rocuzzo
LaLiga ;12;11/2/19;Away;FC Barcelona;Levante UD;03:01:00;RW;38';00:01:00;Penalty;Not Applicable;Antonela Rocuzzo
LaLiga ;13;11/9/19;Home;FC Barcelona;Celta de Vigo;04:01:00;RW;23';01:00:00;Penalty;Not Applicable;Antonela Rocuzzo
LaLiga ;13;11/9/19;Home;FC Barcelona;Celta de Vigo;04:01:00;RW;45'+1;02:01:00;Direct free kick;Not Applicable;Antonela Rocuzzo
LaLiga ;13;11/9/19;Home;FC Barcelona;Celta de Vigo;04:01:00;RW;48';03:01:00;Direct free kick;Not Applicable;Antonela Rocuzzo
Champions League ;Group Stage;11/27/19;Home;FC Barcelona;Borussia Dortmund;03:01:00;RW;33';02:00:00;Left-footed shot;Luis Suárez;Antonela Rocuzzo
LaLiga ;15;12/1/19;Away;FC Barcelona;Atlético de Madrid;00:01:00;RW;86';00:01:00;Left-footed shot;Luis Suárez;Antonela Rocuzzo
LaLiga ;16;12/7/19;Home;FC Barcelona;RCD Mallorca;05:02:00;RW;17';02:00:00;Left-footed shot;Antoine Griezmann;Antonela Rocuzzo
LaLiga ;16;12/7/19;Home;FC Barcelona;RCD Mallorca;05:02:00;RW;41';03:01:00;Left-footed shot;Ivan Rakitic;Antonela Rocuzzo
LaLiga ;16;12/7/19;Home;FC Barcelona;RCD Mallorca;05:02:00;RW;83';05:02:00;Left-footed shot;Luis Suárez;Antonela Rocuzzo
LaLiga ;18;12/21/19;Home;FC Barcelona;Deportivo Alavés;04:01:00;RW;69';03:01:00;Left-footed shot;Luis Suárez;Antonela Rocuzzo
Supercopa ;Semi-Finals;1/9/20;Home;FC Barcelona;Atlético de Madrid;02:03:00;RW;51';01:01:00;Right-footed shot;Luis Suárez;Antonela Rocuzzo
LaLiga ;20;1/19/20;Home;FC Barcelona;Granada CF;01:00:00;CF;76';01:00:00;Right-footed shot;Arturo Vidal;Antonela Rocuzzo
Copa del Rey ;Round of 16;1/30/20;Home;FC Barcelona;CD Leganés;05:00:00;RW;59';03:00:00;Left-footed shot;Frenkie de Jong;Antonela Rocuzzo
Copa del Rey ;Round of 16;1/30/20;Home;FC Barcelona;CD Leganés;05:00:00;RW;89';05:00:00;Left-footed shot;Ivan Rakitic;Antonela Rocuzzo
LaLiga ;25;2/22/20;Home;FC Barcelona;SD Eibar;05:00:00;SS;14';01:00:00;Left-footed shot;Ivan Rakitic;Antonela Rocuzzo
LaLiga ;25;2/22/20;Home;FC Barcelona;SD Eibar;05:00:00;SS;37';02:00:00;Left-footed shot;Arturo Vidal;Antonela Rocuzzo
LaLiga ;25;2/22/20;Home;FC Barcelona;SD Eibar;05:00:00;SS;40';03:00:00;Left-footed shot;Not Applicable;Antonela Rocuzzo
LaLiga ;25;2/22/20;Home;FC Barcelona;SD Eibar;05:00:00;SS;87';04:00:00;Left-footed shot;Not Applicable;Antonela Rocuzzo
LaLiga ;27;3/7/20;Home;FC Barcelona;Real Sociedad;01:00:00;CF;81';01:00:00;Penalty;Not Applicable;Antonela Rocuzzo
LaLiga ;28;6/13/20;Away;FC Barcelona;RCD Mallorca;00:04:00;RW;90'+3;00:04:00;Right-footed shot;Luis Suárez;Antonela Rocuzzo
LaLiga ;29;6/16/20;Home;FC Barcelona;CD Leganés;02:00:00;RW;69';02:00:00;Penalty;Not Applicable;Antonela Rocuzzo
LaLiga ;33;6/30/20;Home;FC Barcelona;Atlético de Madrid;02:02:00;SS;50';02:01:00;Penalty;Not Applicable;Antonela Rocuzzo
LaLiga ;37;7/16/20;Home;FC Barcelona;CA Osasuna;01:02:00;RW;62';01:01:00;Direct free kick;Not Applicable;Antonela Rocuzzo
LaLiga ;38;7/19/20;Away;FC Barcelona;Deportivo Alavés;00:05:00;RW;34';00:02:00;Left-footed shot;Riqui Puig;Antonela Rocuzzo
LaLiga ;38;7/19/20;Away;FC Barcelona;Deportivo Alavés;00:05:00;RW;75';00:05:00;Left-footed shot;Jordi Alba;Antonela Rocuzzo
Champions League ;last 16;8/8/20;Home;FC Barcelona;SSC Napoli;03:01:00;SS;23';02:00:00;Left-footed shot;Not Applicable;Antonela Rocuzzo
LaLiga ;3;9/27/20;Home;FC Barcelona;Villarreal CF;04:00:00;CF;35';03:00:00;Penalty;Not Applicable;Antonela Rocuzzo
Champions League ;Group Stage;10/20/20;Home;FC Barcelona;Ferencvárosi TC;05:01:00;CF;27';01:00:00;Penalty;Not Applicable;Antonela Rocuzzo
Champions League ;Group Stage;10/28/20;Away;FC Barcelona;Juventus FC;00:02:00;CF;90'+1;00:02:00;Penalty;Not Applicable;Antonela Rocuzzo
Champions League ;Group Stage;11/4/20;Home;FC Barcelona;Dynamo Kyiv;02:01:00;RW;5';01:00:00;Penalty;Not Applicable;Antonela Rocuzzo
LaLiga ;9;11/7/20;Home;FC Barcelona;Real Betis Balompié;05:02:00;CF;61';03:01:00;Penalty;Not Applicable;Antonela Rocuzzo
LaLiga ;9;11/7/20;Home;FC Barcelona;Real Betis Balompié;05:02:00;CF;82';04:02:00;Left-footed shot;Sergi Roberto;Antonela Rocuzzo
LaLiga ;11;11/29/20;Home;FC Barcelona;CA Osasuna;04:00:00;RW;73';04:00:00;Left-footed shot;Francisco Trincão;Antonela Rocuzzo
LaLiga ;13;12/13/20;Home;FC Barcelona;Levante UD;01:00:00;CF;76';01:00:00;Left-footed shot;Frenkie de Jong;Antonela Rocuzzo
LaLiga ;14;12/19/20;Home;FC Barcelona;Valencia CF;02:02:00;CF;45'+4;01:01:00;Header;Not Applicable;Antonela Rocuzzo
LaLiga ;15;12/22/20;Away;FC Barcelona;Real Valladolid CF;00:03:00;AM;65';00:03:00;Left-footed shot;Pedri;Antonela Rocuzzo
LaLiga ;2;1/6/21;Away;FC Barcelona;Athletic Bilbao;02:03:00;CF;38';01:02:00;Left-footed shot;Pedri;Antonela Rocuzzo
LaLiga ;2;1/6/21;Away;FC Barcelona;Athletic Bilbao;02:03:00;CF;62';01:03:00;Left-footed shot;Antoine Griezmann;Antonela Rocuzzo
LaLiga ;18;1/9/21;Away;FC Barcelona;Granada CF;00:04:00;CF;35';00:02:00;Left-footed shot;Antoine Griezmann;Antonela Rocuzzo
LaLiga ;18;1/9/21;Away;FC Barcelona;Granada CF;00:04:00;CF;42';00:03:00;Direct free kick;Not Applicable;Antonela Rocuzzo
Copa del Rey ;Round of 16;1/27/21;Away;FC Barcelona;Rayo Vallecano;01:02:00;CF;69';01:01:00;Left-footed shot;Antoine Griezmann;Antonela Rocuzzo
LaLiga ;21;1/31/21;Home;FC Barcelona;Athletic Bilbao;02:01:00;CF;20';01:00:00;Direct free kick;Not Applicable;Antonela Rocuzzo
LaLiga ;22;2/7/21;Away;FC Barcelona;Real Betis Balompié;02:03:00;CF;59';01:01:00;Left-footed shot;Ousmane Dembélé;Antonela Rocuzzo
LaLiga ;23;2/13/21;Home;FC Barcelona;Deportivo Alavés;05:01:00;CF;45'+1;02:00:00;Left-footed shot;Sergio Busquets;Antonela Rocuzzo
LaLiga ;23;2/13/21;Home;FC Barcelona;Deportivo Alavés;05:01:00;CF;75';04:01:00;Left-footed shot;Antoine Griezmann;Antonela Rocuzzo
Champions League ;last 16;2/16/21;Home;FC Barcelona;Paris Saint-Germain;01:04:00;CF;27';01:00:00;Penalty;Not Applicable;Antonela Rocuzzo
LaLiga ;24;2/21/21;Home;FC Barcelona;Cádiz CF;01:01:00;CF;32';01:00:00;Penalty;Not Applicable;Antonela Rocuzzo
LaLiga ;1;2/24/21;Home;FC Barcelona;Elche CF;03:00:00;CF;48';01:00:00;Left-footed shot;Martin Braithwaite;Antonela Rocuzzo
LaLiga ;1;2/24/21;Home;FC Barcelona;Elche CF;03:00:00;CF;68';02:00:00;Left-footed shot;Frenkie de Jong;Antonela Rocuzzo
LaLiga ;25;2/27/21;Away;FC Barcelona;Sevilla FC;00:02:00;CF;85';00:02:00;Right-footed shot;Ilaix Moriba;Antonela Rocuzzo
Champions League ;last 16;3/10/21;Away;FC Barcelona;Paris Saint-Germain;01:01:00;SS;37';01:01:00;Long distance kick;Pedri;Antonela Rocuzzo
LaLiga ;27;3/15/21;Home;FC Barcelona;SD Huesca;04:01:00;AM;13';01:00:00;Left-footed shot;Sergio Busquets;Antonela Rocuzzo
LaLiga ;27;3/15/21;Home;FC Barcelona;SD Huesca;04:01:00;AM;90';04:01:00;Left-footed shot;Francisco Trincão;Antonela Rocuzzo
LaLiga ;28;3/21/21;Away;FC Barcelona;Real Sociedad;;AM;56';00:04:00;Left-footed shot;Sergio Busquets;Antonela Rocuzzo
LaLiga ;28;3/21/21;Away;FC Barcelona;Real Sociedad;01:06:00;AM;89';01:06:00;Left-footed shot;Jordi Alba;Antonela Rocuzzo
Copa del Rey ;Final;4/17/21;Away;FC Barcelona;Athletic Bilbao;00:04:00;CF;68';00:03:00;Left-footed shot;Frenkie de Jong;Antonela Rocuzzo
Copa del Rey ;Final;4/17/21;Away;FC Barcelona;Athletic Bilbao;00:04:00;CF;72';00:04:00;Left-footed shot;Jordi Alba;Antonela Rocuzzo
LaLiga ;31;4/22/21;Home;FC Barcelona;Getafe CF;05:02:00;CF;8';01:00:00;Left-footed shot;Sergio Busquets;Antonela Rocuzzo
LaLiga ;31;4/22/21;Home;FC Barcelona;Getafe CF;05:02:00;CF;33';03:01:00;Left-footed shot;Not Applicable;
LaLiga ;33;4/29/21;Home;FC Barcelona;Granada CF;01:02:00;CF;23';01:00:00;Left-footed shot;Antoine Griezmann;Antonela Rocuzzo
LaLiga ;34;5/2/21;Away;FC Barcelona;Valencia CF;;CF;57';01:01:00;Left-footed shot;Not Applicable;Antonela Rocuzzo
LaLiga ;34;5/2/21;Away;FC Barcelona;Valencia CF;02:03:00;CF;69';01:03:00;Direct free kick;Not Applicable;Antonela Rocuzzo
LaLiga ;36;5/11/21;Away;FC Barcelona;Levante UD;03:03:00;SS;25';00:01:00;Left-footed shot;Not Applicable;Antonela Rocuzzo
LaLiga ;37;5/16/21;Home;FC Barcelona;Celta de Vigo;;SS;28';01:00:00;Header;Sergio Busquets;Antonela Rocuzzo
Champions League ;Group Stage;9/28/21;Home;Paris Saint-Germain;Manchester City;02:00:00;RW;74';02:00:00;Left-footed shot;Kylian Mbappé;Antonela Rocuzzo
Champions League ;Group Stage;10/19/21;Home;Paris Saint-Germain;RB Leipzig;03:02:00;RW;67';02:02:00;Left-footed shot;Kylian Mbappé;Antonela Rocuzzo
Champions League ;Group Stage;10/19/21;Home;Paris Saint-Germain;RB Leipzig;03:02:00;RW;74';03:02:00;Penalty;Not Applicable;Antonela Rocuzzo
Ligue 1 ;14;11/20/21;Home;Paris Saint-Germain;FC Nantes;03:01:00;RW;87';03:01:00;Left-footed shot;Kylian Mbappé;Antonela Rocuzzo
Champions League ;Group Stage;12/7/21;Home;Paris Saint-Germain;Club Brugge KV;04:01:00;CF;38';03:00:00;Left-footed shot;Kylian Mbappé;
Champions League ;Group Stage;12/7/21;Home;Paris Saint-Germain;Club Brugge KV;04:01:00;CF;76';04:01:00;Penalty;Not Applicable;Antonela Rocuzzo
Ligue 1 ;23;2/6/22;Away;Paris Saint-Germain;LOSC Lille;01:05:00;CF;38';01:03:00;Left-footed shot;Not Applicable;Antonela Rocuzzo
Ligue 1 ;30;4/3/22;Home;Paris Saint-Germain;FC Lorient;05:01:00;RW;73';04:01:00;Left-footed shot;Kylian Mbappé;Antonela Rocuzzo
Ligue 1 ;34;4/23/22;Home;Paris Saint-Germain;RC Lens;01:01:00;RW;68';01:00:00;Left-footed shot;Neymar;Antonela Rocuzzo
Ligue 1 ;37;5/14/22;Away;Paris Saint-Germain;Montpellier HSC;00:04:00;CF;6';00:01:00;Left-footed shot;Kylian Mbappé;Antonela Rocuzzo
Ligue 1 ;37;5/14/22;Away;Paris Saint-Germain;Montpellier HSC;00:04:00;CF;20';00:02:00;Left-footed shot;Kylian Mbappé;Antonela Rocuzzo
Trophée des Champions ;Final;7/31/22;Home;Paris Saint-Germain;FC Nantes;04:00:00;CF;22';01:00:00;Right-footed shot;Not Applicable;Antonela Rocuzzo
Ligue 1 ;1;8/6/22;Away;Paris Saint-Germain;Clermont Foot 63;00:05:00;CF;80';00:04:00;Left-footed shot;Neymar;Antonela Rocuzzo
Ligue 1 ;1;8/6/22;Away;Paris Saint-Germain;Clermont Foot 63;00:05:00;CF;86';00:05:00;Left-footed shot;Leandro Paredes;Antonela Rocuzzo
Ligue 1 ;3;8/21/22;Away;Paris Saint-Germain;LOSC Lille;01:07:00;AM;27';00:02:00;Right-footed shot;Nuno Mendes;Antonela Rocuzzo
Champions League ;Group Stage;9/14/22;Away;Paris Saint-Germain;Maccabi Haifa;01:03:00;SS;37';01:01:00;Left-footed shot;Not Applicable;Antonela Rocuzzo
Ligue 1 ;8;9/18/22;Away;Paris Saint-Germain;Olympique Lyon;00:01:00;AM;5';00:01:00;Left-footed shot;Neymar;Antonela Rocuzzo
Ligue 1 ;9;10/1/22;Home;Paris Saint-Germain;OGC Nice;02:01:00;AM;28';01:00:00;Direct free kick;Not Applicable;Antonela Rocuzzo
Ligue 1 ;30;4/3/22;Home;Paris Saint-Germain;FC Lorient;05:01:00;RW;73';04:01:00;Left-footed shot;Kylian Mbappé;Antonela Rocuzzo
Ligue 1 ;34;4/23/22;Home;Paris Saint-Germain;RC Lens;01:01:00;RW;68';01:00:00;Left-footed shot;Neymar;Antonela Rocuzzo
Ligue 1 ;37;5/14/22;Away;Paris Saint-Germain;Montpellier HSC;00:04:00;CF;6';00:01:00;Left-footed shot;Kylian Mbappé;Antonela Rocuzzo
Ligue 1 ;37;5/14/22;Away;Paris Saint-Germain;Montpellier HSC;00:04:00;CF;20';00:02:00;Left-footed shot;Kylian Mbappé;Antonela Rocuzzo
Trophée des Champions ;Final;7/31/22;Home;Paris Saint-Germain;FC Nantes;04:00:00;CF;22';01:00:00;Right-footed shot;Not Applicable;Antonela Rocuzzo
Ligue 1 ;1;8/6/22;Away;Paris Saint-Germain;Clermont Foot 63;00:05:00;CF;80';00:04:00;Left-footed shot;Neymar;Antonela Rocuzzo
Ligue 1 ;1;8/6/22;Away;Paris Saint-Germain;Clermont Foot 63;00:05:00;CF;86';00:05:00;Left-footed shot;Leandro Paredes;Antonela Rocuzzo
Ligue 1 ;3;8/21/22;Away;Paris Saint-Germain;LOSC Lille;01:07:00;AM;27';00:02:00;Right-footed shot;Nuno Mendes;Antonela Rocuzzo
Champions League ;Group Stage;9/14/22;Away;Paris Saint-Germain;Maccabi Haifa;01:03:00;SS;37';01:01:00;Left-footed shot;Not Applicable;Antonela Rocuzzo
Ligue 1 ;8;9/18/22;Away;Paris Saint-Germain;Olympique Lyon;00:01:00;AM;5';00:01:00;Left-footed shot;Neymar;Antonela Rocuzzo
Ligue 1 ;9;10/1/22;Home;Paris Saint-Germain;OGC Nice;02:01:00;AM;28';01:00:00;Direct free kick;Not Applicable;Antonela Rocuzzo
Ligue 1 ;30;4/3/22;Home;Paris Saint-Germain;FC Lorient;05:01:00;RW;73';04:01:00;Left-footed shot;Kylian Mbappé;Antonela Rocuzzo
Ligue 1 ;34;4/23/22;Home;Paris Saint-Germain;RC Lens;01:01:00;RW;68';01:00:00;Left-footed shot;Neymar;Antonela Rocuzzo
Ligue 1 ;37;5/14/22;Away;Paris Saint-Germain;Montpellier HSC;00:04:00;CF;6';00:01:00;Left-footed shot;Kylian Mbappé;Antonela Rocuzzo
Ligue 1 ;37;5/14/22;Away;Paris Saint-Germain;Montpellier HSC;00:04:00;CF;20';00:02:00;Left-footed shot;Kylian Mbappé;Antonela Rocuzzo
Trophée des Champions ;Final;7/31/22;Home;Paris Saint-Germain;FC Nantes;04:00:00;CF;22';01:00:00;Right-footed shot;Not Applicable;Antonela Rocuzzo
Ligue 1 ;1;8/6/22;Away;Paris Saint-Germain;Clermont Foot 63;00:05:00;CF;80';00:04:00;Left-footed shot;Neymar;Antonela Rocuzzo
Ligue 1 ;1;8/6/22;Away;Paris Saint-Germain;Clermont Foot 63;00:05:00;CF;86';00:05:00;Left-footed shot;Leandro Paredes;Antonela Rocuzzo
Ligue 1 ;3;8/21/22;Away;Paris Saint-Germain;LOSC Lille;01:07:00;AM;27';00:02:00;Right-footed shot;Nuno Mendes;Antonela Rocuzzo
Champions League ;Group Stage;9/14/22;Away;Paris Saint-Germain;Maccabi Haifa;01:03:00;SS;37';01:01:00;Left-footed shot;Not Applicable;Antonela Rocuzzo
Ligue 1 ;8;9/18/22;Away;Paris Saint-Germain;Olympique Lyon;00:01:00;AM;5';00:01:00;Left-footed shot;Neymar;Antonela Rocuzzo
Ligue 1 ;9;10/1/22;Home;Paris Saint-Germain;OGC Nice;02:01:00;AM;28';01:00:00;Direct free kick;Not Applicable;Antonela Rocuzzo
;;;;;;;;;;;;
;;;;;;;;;;;;
;;;;;;;;;;;;
;;;;;;;;;;;;
;;;;;;;;;;;;
;;;;;;;;;;;;
;;;;;;;;;;;;
;;;;;;;;;;;;
;;;;;;;;;;;;
;;;;;;;;;;;;
;;;;;;;;;;;;
;;;;;;;;;;;;
;;;;;;;;;;;;
;;;;;;;;;;;;
;;;;;;;;;;;;
;;;;;;;;;;;;
;;;;;;;;;;;;
;;;;;;;;;;;;
;;;;;;;;;;;;
;;;;;;;;;;;;
;;;;;;;;;;;;
;;;;;;;;;;;;
;;;;;;;;;;;;
;;;;;;;;;;;;
;;;;;;;;;;;;
;;;;;;;;;;;;
;;;;;;;;;;;;
;;;;;;;;;;;;
;;;;;;;;;;;;
;;;;;;;;;;;;
;;;;;;;;;;;;
;;;;;;;;;;;;
;;;;;;;;;;;;
;;;;;;;;;;;;
;;;;;;;;;;;;
;;;;;;;;;;;;
